会员ID,最近购买天数R,购买频次F,消费金额M,R分,F分,M分,RFM,分层
M10000,102,44,45687.85,3,5,5,355,重要保持
M10001,61,39,44650.3,4,5,5,455,重要价值
M10002,365,56,32700.73,1,5,5,155,重要保持
M10003,94,34,44837.44,3,5,5,355,重要保持
M10004,316,32,6481.12,1,5,3,153,重要保持
M10005,67,8,32178.08,4,3,5,435,新客活跃
M10006,42,24,25826.7,4,4,5,445,重要价值
M10007,257,45,6205.65,2,5,3,253,重要保持
M10008,34,21,24418.81,4,4,5,445,重要价值
M10009,325,10,31971.05,1,3,5,135,流失预警
M10010,328,52,25281.15,1,5,5,155,重要保持
M10011,341,44,11207.44,1,5,4,154,重要保持
M10012,292,60,12033.21,1,5,4,154,重要保持
M10013,59,14,36268.41,4,3,5,435,新客活跃
M10014,79,53,19055.18,4,5,4,454,重要价值
M10015,232,3,17576.53,2,1,4,214,流失预警
M10016,321,44,26738.16,1,5,5,155,重要保持
M10017,265,40,11739.99,2,5,4,254,重要保持
M10018,229,35,44459.26,2,5,5,255,重要保持
M10019,293,23,29544.95,1,4,5,145,重要保持
M10020,193,37,31925.11,2,5,5,255,重要保持
M10021,173,27,15118.94,3,4,4,344,重要保持
M10022,142,10,36693.02,3,3,5,335,一般
M10023,265,52,30112.37,2,5,5,255,重要保持
M10024,325,33,49189.06,1,5,5,155,重要保持
M10025,131,25,13037.46,3,4,4,344,重要保持
M10026,9,19,13410.08,5,4,4,544,重要价值
M10027,111,20,16283.26,3,4,4,344,重要保持
M10028,118,50,23346.15,3,5,5,355,重要保持
M10029,214,55,8105.17,2,5,3,253,重要保持
M10030,67,1,24367.81,4,1,5,415,新客活跃
M10031,331,11,44383.52,1,3,5,135,流失预警
M10032,171,24,28178.26,3,4,5,345,重要保持
M10033,248,49,46529.11,2,5,5,255,重要保持
M10034,212,29,11719.49,2,4,4,244,重要保持
M10035,155,52,36302.89,3,5,5,355,重要保持
M10036,190,38,8622.9,2,5,3,253,重要保持
M10037,85,28,19049.13,4,4,4,444,重要价值
M10038,53,48,1902.58,4,5,2,452,重要价值
M10039,80,25,754.03,4,4,1,441,重要价值
M10040,271,12,45589.04,1,3,5,135,流失预警
M10041,132,12,32858.2,3,3,5,335,一般
M10042,243,10,49068.44,2,3,5,235,流失预警
M10043,126,23,5376.8,3,4,3,343,重要保持
M10044,170,19,46008.85,3,4,5,345,重要保持
M10045,266,24,8740.75,2,4,3,243,重要保持
M10046,36,46,40042.1,4,5,5,455,重要价值
M10047,222,52,3102.39,2,5,2,252,重要保持
M10048,240,4,13364.55,2,2,4,224,流失预警
M10049,191,38,11950.23,2,5,4,254,重要保持
M10050,144,39,29565.31,3,5,5,355,重要保持
M10051,243,28,9036,2,4,3,243,重要保持
M10052,363,44,40370.09,1,5,5,155,重要保持
M10053,266,21,28213.09,2,4,5,245,重要保持
M10054,13,58,26989.2,5,5,5,555,重要价值
M10055,135,31,13040.65,3,5,4,354,重要保持
M10056,343,28,4483.92,1,4,3,143,重要保持
M10057,5,22,35004.64,5,4,5,545,重要价值
M10058,351,6,11238.27,1,2,4,124,流失预警
M10059,345,44,31327.59,1,5,5,155,重要保持
M10060,280,19,41987.19,1,4,5,145,重要保持
M10061,144,3,3289.15,3,1,2,312,一般
M10062,196,23,26796.63,2,4,5,245,重要保持
M10063,179,52,37524.63,3,5,5,355,重要保持
M10064,298,46,22916.48,1,5,5,155,重要保持
M10065,207,39,11774.07,2,5,4,254,重要保持
M10066,57,38,17589.45,4,5,4,454,重要价值
M10067,177,21,7999.66,3,4,3,343,重要保持
M10068,21,21,11620.93,5,4,4,544,重要价值
M10069,98,19,745.53,3,4,1,341,重要保持
M10070,11,22,12176.16,5,4,4,544,重要价值
M10071,253,3,40359.21,2,1,5,215,流失预警
M10072,311,33,40506.51,1,5,5,155,重要保持
M10073,117,11,40243.06,3,3,5,335,一般
M10074,124,47,20365.19,3,5,5,355,重要保持
M10075,212,13,24996.05,2,3,5,235,流失预警
M10076,102,54,6687.46,3,5,3,353,重要保持
M10077,251,5,22158.03,2,2,5,225,流失预警
M10078,80,31,38841.49,4,5,5,455,重要价值
M10079,223,55,41712.92,2,5,5,255,重要保持
M10080,314,42,10064.27,1,5,4,154,重要保持
M10081,149,10,19997.59,3,3,4,334,一般
M10082,282,25,12625.08,1,4,4,144,重要保持
M10083,147,44,1415.66,3,5,2,352,重要保持
M10084,276,30,32999.21,1,4,5,145,重要保持
M10085,150,12,13959.89,3,3,4,334,一般
M10086,45,36,4840.61,4,5,3,453,重要价值
M10087,280,6,16201.52,1,2,4,124,流失预警
M10088,107,33,24397.62,3,5,5,355,重要保持
M10089,163,58,3397.74,3,5,2,352,重要保持
M10090,150,3,45540.68,3,1,5,315,一般
M10091,348,30,30748.47,1,4,5,145,重要保持
M10092,208,59,36048.8,2,5,5,255,重要保持
M10093,59,42,26514.29,4,5,5,455,重要价值
M10094,287,13,32010.36,1,3,5,135,流失预警
M10095,132,40,14332.44,3,5,4,354,重要保持
M10096,347,16,33637.61,1,4,5,145,重要保持
M10097,87,39,42108.34,4,5,5,455,重要价值
M10098,150,29,40071.92,3,4,5,345,重要保持
M10099,237,37,39295.69,2,5,5,255,重要保持
M10100,125,5,30150.22,3,2,5,325,一般
M10101,12,31,16944.73,5,5,4,554,重要价值
M10102,97,57,35400.83,3,5,5,355,重要保持
M10103,287,31,2144.06,1,5,2,152,重要保持
M10104,256,1,49615.99,2,1,5,215,流失预警
M10105,249,53,4077.52,2,5,3,253,重要保持
M10106,106,23,1369.21,3,4,2,342,重要保持
M10107,41,34,40551.47,4,5,5,455,重要价值
M10108,222,18,20449.04,2,4,5,245,重要保持
M10109,103,44,24880.78,3,5,5,355,重要保持
M10110,47,12,7403.73,4,3,3,433,新客活跃
M10111,308,33,32176.7,1,5,5,155,重要保持
M10112,358,6,48270.12,1,2,5,125,流失预警
M10113,296,25,21081.37,1,4,5,145,重要保持
M10114,237,50,21409.67,2,5,5,255,重要保持
M10115,94,15,24470.81,3,3,5,335,一般
M10116,186,8,5891.87,2,3,3,233,流失预警
M10117,254,51,9506.32,2,5,3,253,重要保持
M10118,93,55,33871.86,3,5,5,355,重要保持
M10119,144,34,43520.21,3,5,5,355,重要保持
M10120,298,37,23241.04,1,5,5,155,重要保持
M10121,165,25,40964.68,3,4,5,345,重要保持
M10122,279,58,24841.64,1,5,5,155,重要保持
M10123,91,45,25186.49,3,5,5,355,重要保持
M10124,335,55,19412.6,1,5,4,154,重要保持
M10125,58,56,21362.74,4,5,5,455,重要价值
M10126,2,48,21399.7,5,5,5,555,重要价值
M10127,199,34,35785.92,2,5,5,255,重要保持
M10128,103,50,43831.24,3,5,5,355,重要保持
M10129,344,13,18331.92,1,3,4,134,流失预警
M10130,145,54,7387.09,3,5,3,353,重要保持
M10131,36,50,42763.52,4,5,5,455,重要价值
M10132,191,56,22664.93,2,5,5,255,重要保持
M10133,263,39,21486.96,2,5,5,255,重要保持
M10134,355,58,40168.98,1,5,5,155,重要保持
M10135,193,4,34298.49,2,2,5,225,流失预警
M10136,28,23,5957.16,5,4,3,543,重要价值
M10137,334,52,37212.11,1,5,5,155,重要保持
M10138,321,6,16147.93,1,2,4,124,流失预警
M10139,266,19,4312.44,2,4,3,243,重要保持
M10140,23,47,15988.39,5,5,4,554,重要价值
M10141,32,2,7340.47,4,1,3,413,新客活跃
M10142,79,58,38982.54,4,5,5,455,重要价值
M10143,18,24,36487.91,5,4,5,545,重要价值
M10144,78,54,35098.1,4,5,5,455,重要价值
M10145,6,10,1360.71,5,3,2,532,新客活跃
M10146,221,36,44568.65,2,5,5,255,重要保持
M10147,150,44,10000.04,3,5,4,354,重要保持
M10148,173,56,36428.08,3,5,5,355,重要保持
M10149,177,28,23027.67,3,4,5,345,重要保持
M10150,208,23,18928.43,2,4,4,244,重要保持
M10151,235,30,26582.21,2,4,5,245,重要保持
M10152,321,24,22281.55,1,4,5,145,重要保持
M10153,267,27,48049.84,2,4,5,245,重要保持
M10154,355,13,32433.6,1,3,5,135,流失预警
M10155,226,26,28652.01,2,4,5,245,重要保持
M10156,298,13,45020.98,1,3,5,135,流失预警
M10157,89,17,4680.43,4,4,3,443,重要价值
M10158,2,60,3138.49,5,5,2,552,重要价值
M10159,361,31,24807.6,1,5,5,155,重要保持
M10160,108,55,49139.21,3,5,5,355,重要保持
M10161,305,29,2525.63,1,4,2,142,重要保持
M10162,210,58,33814.45,2,5,5,255,重要保持
M10163,230,56,31492,2,5,5,255,重要保持
M10164,223,8,47726,2,3,5,235,流失预警
M10165,229,26,19410.36,2,4,4,244,重要保持
M10166,322,51,5326.08,1,5,3,153,重要保持
M10167,119,4,4117.39,3,2,3,323,一般
M10168,278,17,2116.08,1,4,2,142,重要保持
M10169,250,6,35274.38,2,2,5,225,流失预警
M10170,294,34,17306.16,1,5,4,154,重要保持
M10171,243,10,12763.37,2,3,4,234,流失预警
M10172,186,49,46219.44,2,5,5,255,重要保持
M10173,178,42,27624.93,3,5,5,355,重要保持
M10174,307,6,45950.73,1,2,5,125,流失预警
M10175,356,47,8394.29,1,5,3,153,重要保持
M10176,15,3,40797.95,5,1,5,515,新客活跃
M10177,29,36,40244.35,5,5,5,555,重要价值
M10178,189,12,10425.63,2,3,4,234,流失预警
M10179,71,55,6725.65,4,5,3,453,重要价值
M10180,16,54,48734.33,5,5,5,555,重要价值
M10181,274,54,16253.15,1,5,4,154,重要保持
M10182,356,42,49378.14,1,5,5,155,重要保持
M10183,59,26,32110.25,4,4,5,445,重要价值
M10184,340,44,22279.27,1,5,5,155,重要保持
M10185,6,34,21677.56,5,5,5,555,重要价值
M10186,232,59,11537.82,2,5,4,254,重要保持
M10187,144,3,22768.43,3,1,5,315,一般
M10188,131,32,42657.29,3,5,5,355,重要保持
M10189,58,38,6674.42,4,5,3,453,重要价值
M10190,209,9,43097.9,2,3,5,235,流失预警
M10191,363,19,39474.47,1,4,5,145,重要保持
M10192,74,44,5522.79,4,5,3,453,重要价值
M10193,49,6,42796.31,4,2,5,425,新客活跃
M10194,349,5,39219.42,1,2,5,125,流失预警
M10195,207,57,27380.62,2,5,5,255,重要保持
M10196,158,34,32986.43,3,5,5,355,重要保持
M10197,94,53,3537.9,3,5,2,352,重要保持
M10198,134,36,2572.99,3,5,2,352,重要保持
M10199,211,56,20513,2,5,5,255,重要保持
M10200,280,7,4451.08,1,2,3,123,流失预警
M10201,183,54,321.21,2,5,1,251,重要保持
M10202,86,49,23030.33,4,5,5,455,重要价值
M10203,279,18,21098.27,1,4,5,145,重要保持
M10204,227,35,48767.08,2,5,5,255,重要保持
M10205,39,59,45994.21,4,5,5,455,重要价值
M10206,206,59,3737.44,2,5,2,252,重要保持
M10207,324,30,15167.61,1,4,4,144,重要保持
M10208,95,35,46245.48,3,5,5,355,重要保持
M10209,285,31,22738.56,1,5,5,155,重要保持
M10210,160,52,17353.32,3,5,4,354,重要保持
M10211,40,27,34975.38,4,4,5,445,重要价值
M10212,353,7,39705.46,1,2,5,125,流失预警
M10213,330,33,16224.44,1,5,4,154,重要保持
M10214,24,20,42306.59,5,4,5,545,重要价值
M10215,157,42,12950.7,3,5,4,354,重要保持
M10216,138,26,19628.54,3,4,4,344,重要保持
M10217,133,46,5907.22,3,5,3,353,重要保持
M10218,236,17,6664.03,2,4,3,243,重要保持
M10219,228,10,32699.8,2,3,5,235,流失预警
M10220,254,38,49050.66,2,5,5,255,重要保持
M10221,117,26,36391.67,3,4,5,345,重要保持
M10222,179,5,48212.99,3,2,5,325,一般
M10223,149,29,12867.48,3,4,4,344,重要保持
M10224,115,37,10608.42,3,5,4,354,重要保持
M10225,293,55,10530.12,1,5,4,154,重要保持
M10226,259,20,35931.95,2,4,5,245,重要保持
M10227,17,7,30198.64,5,2,5,525,新客活跃
M10228,105,21,10818.43,3,4,4,344,重要保持
M10229,112,40,48872.71,3,5,5,355,重要保持
M10230,271,25,31370.9,1,4,5,145,重要保持
M10231,286,9,45746.38,1,3,5,135,流失预警
M10232,331,31,38142.76,1,5,5,155,重要保持
M10233,5,59,20311.07,5,5,5,555,重要价值
M10234,74,13,10349.72,4,3,4,434,新客活跃
M10235,340,25,2510.46,1,4,2,142,重要保持
M10236,188,58,7329.56,2,5,3,253,重要保持
M10237,174,12,40518.86,3,3,5,335,一般
M10238,297,40,45042.81,1,5,5,155,重要保持
M10239,242,32,16081.89,2,5,4,254,重要保持
M10240,328,24,29332.52,1,4,5,145,重要保持
M10241,202,24,19750.31,2,4,4,244,重要保持
M10242,320,2,23323.24,1,1,5,115,流失预警
M10243,24,33,32434.92,5,5,5,555,重要价值
M10244,158,5,41435.85,3,2,5,325,一般
M10245,240,9,5277.76,2,3,3,233,流失预警
M10246,122,55,17580.88,3,5,4,354,重要保持
M10247,340,15,21546.68,1,3,5,135,流失预警
M10248,349,29,21851.46,1,4,5,145,重要保持
M10249,125,51,6157.45,3,5,3,353,重要保持
M10250,145,42,39788.91,3,5,5,355,重要保持
M10251,304,44,1957.96,1,5,2,152,重要保持
M10252,56,38,6067.96,4,5,3,453,重要价值
M10253,225,27,30864.26,2,4,5,245,重要保持
M10254,359,31,27215.21,1,5,5,155,重要保持
M10255,279,3,18272.26,1,1,4,114,流失预警
M10256,89,35,4735.02,4,5,3,453,重要价值
M10257,298,49,27116.15,1,5,5,155,重要保持
M10258,298,8,18926.44,1,3,4,134,流失预警
M10259,90,3,14071.57,3,1,4,314,一般
M10260,4,58,12171.97,5,5,4,554,重要价值
M10261,334,23,40600.93,1,4,5,145,重要保持
M10262,249,49,32184.15,2,5,5,255,重要保持
M10263,61,53,36089.88,4,5,5,455,重要价值
M10264,251,47,1179.63,2,5,2,252,重要保持
M10265,139,4,3332.83,3,2,2,322,一般
M10266,99,3,22881.66,3,1,5,315,一般
M10267,124,32,2222.17,3,5,2,352,重要保持
M10268,81,23,7494.37,4,4,3,443,重要价值
M10269,50,48,16196.14,4,5,4,454,重要价值
M10270,177,55,19439.54,3,5,4,354,重要保持
M10271,295,30,30791.46,1,4,5,145,重要保持
M10272,350,24,17586.98,1,4,4,144,重要保持
M10273,162,21,5438.22,3,4,3,343,重要保持
M10274,97,19,36114.8,3,4,5,345,重要保持
M10275,45,45,39333.17,4,5,5,455,重要价值
M10276,251,50,7469.36,2,5,3,253,重要保持
M10277,201,42,3208.43,2,5,2,252,重要保持
M10278,148,12,22934.37,3,3,5,335,一般
M10279,254,17,17481.02,2,4,4,244,重要保持
M10280,171,31,24368.88,3,5,5,355,重要保持
M10281,16,19,39053.96,5,4,5,545,重要价值
M10282,92,14,36425.15,3,3,5,335,一般
M10283,119,52,32963.51,3,5,5,355,重要保持
M10284,43,17,29963.79,4,4,5,445,重要价值
M10285,83,7,15872.24,4,2,4,424,新客活跃
M10286,211,4,21085.32,2,2,5,225,流失预警
M10287,198,6,48774.01,2,2,5,225,流失预警
M10288,140,39,36429.87,3,5,5,355,重要保持
M10289,79,16,43191.03,4,4,5,445,重要价值
M10290,92,56,6288.56,3,5,3,353,重要保持
M10291,316,54,48119.52,1,5,5,155,重要保持
M10292,206,5,25811.79,2,2,5,225,流失预警
M10293,133,48,40496.19,3,5,5,355,重要保持
M10294,256,19,3819.82,2,4,2,242,重要保持
M10295,322,52,43043.56,1,5,5,155,重要保持
M10296,36,14,26388.25,4,3,5,435,新客活跃
M10297,85,14,31318.51,4,3,5,435,新客活跃
M10298,93,34,25399.44,3,5,5,355,重要保持
M10299,342,35,48478.84,1,5,5,155,重要保持
M10300,31,49,582.42,4,5,1,451,重要价值
M10301,177,35,15188.47,3,5,4,354,重要保持
M10302,88,31,41235.01,4,5,5,455,重要价值
M10303,148,21,36883.68,3,4,5,345,重要保持
M10304,63,40,23329.15,4,5,5,455,重要价值
M10305,171,6,11349.5,3,2,4,324,一般
M10306,199,40,3288.91,2,5,2,252,重要保持
M10307,171,13,31488.47,3,3,5,335,一般
M10308,337,2,14527.18,1,1,4,114,流失预警
M10309,78,30,23578.92,4,4,5,445,重要价值
M10310,201,18,44349.13,2,4,5,245,重要保持
M10311,145,2,11688.46,3,1,4,314,一般
M10312,214,21,34829.6,2,4,5,245,重要保持
M10313,40,57,8734.87,4,5,3,453,重要价值
M10314,199,25,8149.22,2,4,3,243,重要保持
M10315,252,50,628.94,2,5,1,251,重要保持
M10316,302,15,17669.85,1,3,4,134,流失预警
M10317,139,7,26530.83,3,2,5,325,一般
M10318,100,48,29713.39,3,5,5,355,重要保持
M10319,231,32,45183.53,2,5,5,255,重要保持
M10320,82,19,48093.82,4,4,5,445,重要价值
M10321,29,15,9334.46,5,3,3,533,新客活跃
M10322,343,49,4185.79,1,5,3,153,重要保持
M10323,31,21,14532.01,4,4,4,444,重要价值
M10324,136,27,22333.17,3,4,5,345,重要保持
M10325,142,16,15972.87,3,4,4,344,重要保持
M10326,309,29,26369.68,1,4,5,145,重要保持
M10327,287,2,26151.28,1,1,5,115,流失预警
M10328,206,48,49317.54,2,5,5,255,重要保持
M10329,58,32,28361.21,4,5,5,455,重要价值
M10330,25,9,4904.58,5,3,3,533,新客活跃
M10331,95,5,11155.99,3,2,4,324,一般
M10332,197,11,2654.79,2,3,2,232,流失预警
M10333,104,22,2773.11,3,4,2,342,重要保持
M10334,76,23,31652.79,4,4,5,445,重要价值
M10335,211,26,45355.07,2,4,5,245,重要保持
M10336,180,10,49184.44,2,3,5,235,流失预警
M10337,341,5,32623.13,1,2,5,125,流失预警
M10338,180,27,40076.11,2,4,5,245,重要保持
M10339,50,47,42788.96,4,5,5,455,重要价值
M10340,243,10,14225.57,2,3,4,234,流失预警
M10341,12,30,32961.55,5,4,5,545,重要价值
M10342,8,4,24448.24,5,2,5,525,新客活跃
M10343,144,9,39365.15,3,3,5,335,一般
M10344,194,26,40473.84,2,4,5,245,重要保持
M10345,44,54,26348.68,4,5,5,455,重要价值
M10346,275,53,13807.64,1,5,4,154,重要保持
M10347,7,49,31405.86,5,5,5,555,重要价值
M10348,221,21,22485.54,2,4,5,245,重要保持
M10349,18,28,16163.06,5,4,4,544,重要价值
M10350,84,14,20800.56,4,3,5,435,新客活跃
M10351,311,28,39317.31,1,4,5,145,重要保持
M10352,3,59,17412.25,5,5,4,554,重要价值
M10353,96,51,22881.59,3,5,5,355,重要保持
M10354,83,41,30944.49,4,5,5,455,重要价值
M10355,88,2,24199.38,4,1,5,415,新客活跃
M10356,175,5,41786.75,3,2,5,325,一般
M10357,27,7,17775.28,5,2,4,524,新客活跃
M10358,242,20,30801.12,2,4,5,245,重要保持
M10359,39,46,35855.53,4,5,5,455,重要价值
M10360,342,31,49761.7,1,5,5,155,重要保持
M10361,342,49,37468.27,1,5,5,155,重要保持
M10362,25,3,35622.95,5,1,5,515,新客活跃
M10363,336,44,24866.76,1,5,5,155,重要保持
M10364,163,36,30889.16,3,5,5,355,重要保持
M10365,241,12,27481.14,2,3,5,235,流失预警
M10366,191,2,2102.76,2,1,2,212,流失预警
M10367,71,17,12142.26,4,4,4,444,重要价值
M10368,31,52,41763.3,4,5,5,455,重要价值
M10369,250,21,49655.81,2,4,5,245,重要保持
M10370,25,25,23800.75,5,4,5,545,重要价值
M10371,1,4,45606.59,5,2,5,525,新客活跃
M10372,257,16,7043.54,2,4,3,243,重要保持
M10373,360,38,42011.37,1,5,5,155,重要保持
M10374,331,40,38960.85,1,5,5,155,重要保持
M10375,115,8,37301.78,3,3,5,335,一般
M10376,151,42,23128.41,3,5,5,355,重要保持
M10377,273,1,37085.18,1,1,5,115,流失预警
M10378,137,56,44735.74,3,5,5,355,重要保持
M10379,281,38,22329.47,1,5,5,155,重要保持
M10380,208,37,24081.17,2,5,5,255,重要保持
M10381,171,9,48212.17,3,3,5,335,一般
M10382,209,9,47846.91,2,3,5,235,流失预警
M10383,50,34,781.6,4,5,1,451,重要价值
M10384,284,10,36150.8,1,3,5,135,流失预警
M10385,316,34,23787.43,1,5,5,155,重要保持
M10386,105,33,13538.36,3,5,4,354,重要保持
M10387,235,60,21958.95,2,5,5,255,重要保持
M10388,341,36,44577.2,1,5,5,155,重要保持
M10389,157,2,46572.21,3,1,5,315,一般
M10390,201,9,46629.2,2,3,5,235,流失预警
M10391,168,5,35735.99,3,2,5,325,一般
M10392,22,44,10815.36,5,5,4,554,重要价值
M10393,352,32,13525.76,1,5,4,154,重要保持
M10394,65,27,7513.03,4,4,3,443,重要价值
M10395,107,31,32707.2,3,5,5,355,重要保持
M10396,270,55,18354.65,1,5,4,154,重要保持
M10397,246,33,19942.03,2,5,4,254,重要保持
M10398,99,40,20919,3,5,5,355,重要保持
M10399,344,43,22741.67,1,5,5,155,重要保持
M10400,200,16,22160.46,2,4,5,245,重要保持
M10401,2,25,28640.39,5,4,5,545,重要价值
M10402,312,49,36894.54,1,5,5,155,重要保持
M10403,145,57,40377.32,3,5,5,355,重要保持
M10404,198,20,35895.84,2,4,5,245,重要保持
M10405,110,9,48802.14,3,3,5,335,一般
M10406,158,19,44355,3,4,5,345,重要保持
M10407,46,35,27121.68,4,5,5,455,重要价值
M10408,57,43,13680.92,4,5,4,454,重要价值
M10409,40,13,48559.18,4,3,5,435,新客活跃
M10410,268,30,31609.71,2,4,5,245,重要保持
M10411,35,50,25031.74,4,5,5,455,重要价值
M10412,6,34,38189.17,5,5,5,555,重要价值
M10413,333,60,30939.55,1,5,5,155,重要保持
M10414,352,51,27971.22,1,5,5,155,重要保持
M10415,193,54,18302.63,2,5,4,254,重要保持
M10416,190,38,43256.94,2,5,5,255,重要保持
M10417,350,35,45973.85,1,5,5,155,重要保持
M10418,2,32,25223.83,5,5,5,555,重要价值
M10419,302,2,22218.61,1,1,5,115,流失预警
M10420,55,10,14601.52,4,3,4,434,新客活跃
M10421,188,24,1503.11,2,4,2,242,重要保持
M10422,109,36,1491.98,3,5,2,352,重要保持
M10423,23,29,28800.96,5,4,5,545,重要价值
M10424,183,10,30210.22,2,3,5,235,流失预警
M10425,15,58,7468.52,5,5,3,553,重要价值
M10426,235,36,35268.38,2,5,5,255,重要保持
M10427,145,13,22685.7,3,3,5,335,一般
M10428,102,5,20934.69,3,2,5,325,一般
M10429,89,53,6012.97,4,5,3,453,重要价值
M10430,262,47,49636.54,2,5,5,255,重要保持
M10431,310,46,20303.4,1,5,5,155,重要保持
M10432,142,31,29515.84,3,5,5,355,重要保持
M10433,355,21,30486.62,1,4,5,145,重要保持
M10434,358,34,16089.96,1,5,4,154,重要保持
M10435,141,45,11055.67,3,5,4,354,重要保持
M10436,244,27,3429.09,2,4,2,242,重要保持
M10437,115,39,23812.12,3,5,5,355,重要保持
M10438,57,58,27022.57,4,5,5,455,重要价值
M10439,136,56,45254.13,3,5,5,355,重要保持
M10440,108,6,7249.62,3,2,3,323,一般
M10441,268,46,5942.89,2,5,3,253,重要保持
M10442,136,19,19252.47,3,4,4,344,重要保持
M10443,332,29,2297.83,1,4,2,142,重要保持
M10444,355,21,24880.69,1,4,5,145,重要保持
M10445,224,10,25302.59,2,3,5,235,流失预警
M10446,39,26,9751.52,4,4,3,443,重要价值
M10447,247,56,48450.1,2,5,5,255,重要保持
M10448,289,28,40614.23,1,4,5,145,重要保持
M10449,159,19,47581.13,3,4,5,345,重要保持
M10450,172,34,9816.64,3,5,3,353,重要保持
M10451,127,8,11435.75,3,3,4,334,一般
M10452,73,33,20226.55,4,5,5,455,重要价值
M10453,177,8,1275.88,3,3,2,332,一般
M10454,290,18,29791.31,1,4,5,145,重要保持
M10455,173,30,45398.44,3,4,5,345,重要保持
M10456,358,13,21339.35,1,3,5,135,流失预警
M10457,317,53,29088.86,1,5,5,155,重要保持
M10458,158,11,48923.6,3,3,5,335,一般
M10459,67,59,48209.36,4,5,5,455,重要价值
M10460,192,33,42892.46,2,5,5,255,重要保持
M10461,40,35,20505.14,4,5,5,455,重要价值
M10462,192,38,22832.33,2,5,5,255,重要保持
M10463,305,56,22356.89,1,5,5,155,重要保持
M10464,192,29,25981.42,2,4,5,245,重要保持
M10465,88,60,40491.57,4,5,5,455,重要价值
M10466,86,21,15362.99,4,4,4,444,重要价值
M10467,182,57,21584.92,2,5,5,255,重要保持
M10468,327,24,22371.49,1,4,5,145,重要保持
M10469,185,29,19925.3,2,4,4,244,重要保持
M10470,365,58,44120.99,1,5,5,155,重要保持
M10471,289,30,40033.81,1,4,5,145,重要保持
M10472,349,59,37584.17,1,5,5,155,重要保持
M10473,90,10,2341.06,3,3,2,332,一般
M10474,262,47,22440.98,2,5,5,255,重要保持
M10475,133,45,10706.14,3,5,4,354,重要保持
M10476,78,58,30951.19,4,5,5,455,重要价值
M10477,68,37,20645.33,4,5,5,455,重要价值
M10478,147,19,28501.48,3,4,5,345,重要保持
M10479,231,40,19342.39,2,5,4,254,重要保持
M10480,260,37,13063.62,2,5,4,254,重要保持
M10481,261,60,8364.83,2,5,3,253,重要保持
M10482,235,60,5970.58,2,5,3,253,重要保持
M10483,89,27,8817.37,4,4,3,443,重要价值
M10484,293,56,41952.73,1,5,5,155,重要保持
M10485,166,21,46784.56,3,4,5,345,重要保持
M10486,127,7,45233.33,3,2,5,325,一般
M10487,338,57,34870.76,1,5,5,155,重要保持
M10488,157,9,33941.98,3,3,5,335,一般
M10489,139,19,4039.19,3,4,3,343,重要保持
M10490,12,31,27242.97,5,5,5,555,重要价值
M10491,39,36,27579.43,4,5,5,455,重要价值
M10492,128,54,43020.46,3,5,5,355,重要保持
M10493,355,14,36747.97,1,3,5,135,流失预警
M10494,277,7,26379.24,1,2,5,125,流失预警
M10495,62,22,48290.46,4,4,5,445,重要价值
M10496,15,8,33553.87,5,3,5,535,新客活跃
M10497,16,20,12709.84,5,4,4,544,重要价值
M10498,210,12,38933.79,2,3,5,235,流失预警
M10499,65,54,16368.05,4,5,4,454,重要价值
M10500,364,5,20475.5,1,2,5,125,流失预警
M10501,71,37,6813.97,4,5,3,453,重要价值
M10502,25,49,39148.36,5,5,5,555,重要价值
M10503,34,52,18977.48,4,5,4,454,重要价值
M10504,40,8,14983.95,4,3,4,434,新客活跃
M10505,350,41,894.08,1,5,1,151,重要保持
M10506,348,54,28890.72,1,5,5,155,重要保持
M10507,346,56,13814.99,1,5,4,154,重要保持
M10508,245,47,11612.67,2,5,4,254,重要保持
M10509,130,31,30217.08,3,5,5,355,重要保持
M10510,18,19,40514.99,5,4,5,545,重要价值
M10511,58,31,44409.22,4,5,5,455,重要价值
M10512,244,8,37467.06,2,3,5,235,流失预警
M10513,88,30,17410.4,4,4,4,444,重要价值
M10514,181,54,21946.61,2,5,5,255,重要保持
M10515,267,40,41718.51,2,5,5,255,重要保持
M10516,96,23,38473.7,3,4,5,345,重要保持
M10517,346,54,17266.34,1,5,4,154,重要保持
M10518,177,27,47928.82,3,4,5,345,重要保持
M10519,120,12,25988.48,3,3,5,335,一般
M10520,337,36,35316.75,1,5,5,155,重要保持
M10521,253,20,6331.45,2,4,3,243,重要保持
M10522,12,6,32137.14,5,2,5,525,新客活跃
M10523,92,24,44588.85,3,4,5,345,重要保持
M10524,39,4,28702.55,4,2,5,425,新客活跃
M10525,358,51,19897.27,1,5,4,154,重要保持
M10526,315,6,14882.82,1,2,4,124,流失预警
M10527,285,22,45359.88,1,4,5,145,重要保持
M10528,257,12,18766.35,2,3,4,234,流失预警
M10529,34,60,5578.86,4,5,3,453,重要价值
M10530,81,11,18424.88,4,3,4,434,新客活跃
M10531,9,56,24821.51,5,5,5,555,重要价值
M10532,290,6,18406.12,1,2,4,124,流失预警
M10533,251,20,6175.1,2,4,3,243,重要保持
M10534,209,52,9520.45,2,5,3,253,重要保持
M10535,56,50,42041.86,4,5,5,455,重要价值
M10536,213,25,23678.96,2,4,5,245,重要保持
M10537,34,34,8701.77,4,5,3,453,重要价值
M10538,250,46,43501.34,2,5,5,255,重要保持
M10539,71,48,27831.71,4,5,5,455,重要价值
M10540,20,2,13005.6,5,1,4,514,新客活跃
M10541,152,43,37373.16,3,5,5,355,重要保持
M10542,114,47,40714.86,3,5,5,355,重要保持
M10543,90,2,30203.25,3,1,5,315,一般
M10544,230,44,9868.8,2,5,3,253,重要保持
M10545,269,7,15398.23,2,2,4,224,流失预警
M10546,191,35,40929.47,2,5,5,255,重要保持
M10547,327,17,12279.85,1,4,4,144,重要保持
M10548,263,9,2394.59,2,3,2,232,流失预警
M10549,350,40,33463.1,1,5,5,155,重要保持
M10550,72,54,29170.9,4,5,5,455,重要价值
M10551,134,31,27188.02,3,5,5,355,重要保持
M10552,356,15,34223.44,1,3,5,135,流失预警
M10553,7,39,11245.71,5,5,4,554,重要价值
M10554,19,4,28058.38,5,2,5,525,新客活跃
M10555,37,45,12070.14,4,5,4,454,重要价值
M10556,71,49,18047.55,4,5,4,454,重要价值
M10557,260,53,38032.82,2,5,5,255,重要保持
M10558,163,30,3273.61,3,4,2,342,重要保持
M10559,342,2,16368.8,1,1,4,114,流失预警
M10560,284,44,9773.43,1,5,3,153,重要保持
M10561,272,12,35260.12,1,3,5,135,流失预警
M10562,329,7,12698.28,1,2,4,124,流失预警
M10563,127,18,24233.39,3,4,5,345,重要保持
M10564,133,2,21459.12,3,1,5,315,一般
M10565,12,57,16466.94,5,5,4,554,重要价值
M10566,320,44,29877.73,1,5,5,155,重要保持
M10567,222,20,3221.97,2,4,2,242,重要保持
M10568,179,4,46465.7,3,2,5,325,一般
M10569,162,1,24987.82,3,1,5,315,一般
M10570,118,24,17806.77,3,4,4,344,重要保持
M10571,292,21,37686.01,1,4,5,145,重要保持
M10572,248,15,44140.77,2,3,5,235,流失预警
M10573,263,50,22591.32,2,5,5,255,重要保持
M10574,209,33,15376.78,2,5,4,254,重要保持
M10575,362,54,45291.19,1,5,5,155,重要保持
M10576,42,59,43765.68,4,5,5,455,重要价值
M10577,340,7,12053.57,1,2,4,124,流失预警
M10578,361,6,23282.9,1,2,5,125,流失预警
M10579,59,27,48313.01,4,4,5,445,重要价值
M10580,283,22,37070.61,1,4,5,145,重要保持
M10581,184,6,5011,2,2,3,223,流失预警
M10582,76,56,23313.36,4,5,5,455,重要价值
M10583,344,37,9395.94,1,5,3,153,重要保持
M10584,133,37,43725.85,3,5,5,355,重要保持
M10585,14,30,21287.79,5,4,5,545,重要价值
M10586,87,42,10133.52,4,5,4,454,重要价值
M10587,178,19,9403.74,3,4,3,343,重要保持
M10588,90,52,13126.27,3,5,4,354,重要保持
M10589,111,32,12133.08,3,5,4,354,重要保持
M10590,242,60,8875.5,2,5,3,253,重要保持
M10591,110,58,31049.01,3,5,5,355,重要保持
M10592,275,3,6087.27,1,1,3,113,流失预警
M10593,101,33,16752.32,3,5,4,354,重要保持
M10594,304,48,10784.29,1,5,4,154,重要保持
M10595,159,53,28285.94,3,5,5,355,重要保持
M10596,198,53,41721.43,2,5,5,255,重要保持
M10597,55,59,15773.45,4,5,4,454,重要价值
M10598,7,22,44565.88,5,4,5,545,重要价值
M10599,211,47,33694.99,2,5,5,255,重要保持
M10600,188,2,18570.29,2,1,4,214,流失预警
M10601,308,49,3901.71,1,5,2,152,重要保持
M10602,276,1,17542.7,1,1,4,114,流失预警
M10603,239,32,48886.26,2,5,5,255,重要保持
M10604,89,54,24441.73,4,5,5,455,重要价值
M10605,8,24,47184.82,5,4,5,545,重要价值
M10606,149,55,21460.19,3,5,5,355,重要保持
M10607,62,9,5861.47,4,3,3,433,新客活跃
M10608,170,49,16502.06,3,5,4,354,重要保持
M10609,34,16,25282.41,4,4,5,445,重要价值
M10610,52,31,34587.59,4,5,5,455,重要价值
M10611,139,30,16886.81,3,4,4,344,重要保持
M10612,113,57,31005.76,3,5,5,355,重要保持
M10613,51,26,2238.85,4,4,2,442,重要价值
M10614,168,12,24840.09,3,3,5,335,一般
M10615,191,54,26575.74,2,5,5,255,重要保持
M10616,181,56,14341.22,2,5,4,254,重要保持
M10617,305,55,29788.43,1,5,5,155,重要保持
M10618,177,38,7855.38,3,5,3,353,重要保持
M10619,31,58,31614.55,4,5,5,455,重要价值
M10620,21,24,8344.02,5,4,3,543,重要价值
M10621,211,50,49948.35,2,5,5,255,重要保持
M10622,27,52,15974.35,5,5,4,554,重要价值
M10623,114,22,36044.44,3,4,5,345,重要保持
M10624,229,24,43858.31,2,4,5,245,重要保持
M10625,164,38,45076.18,3,5,5,355,重要保持
M10626,236,27,41327.73,2,4,5,245,重要保持
M10627,15,19,40925.89,5,4,5,545,重要价值
M10628,213,52,15329.3,2,5,4,254,重要保持
M10629,202,21,34050.15,2,4,5,245,重要保持
M10630,310,48,49892.09,1,5,5,155,重要保持
M10631,128,41,36753.19,3,5,5,355,重要保持
M10632,132,35,11629.71,3,5,4,354,重要保持
M10633,116,59,5594.82,3,5,3,353,重要保持
M10634,77,58,11707.05,4,5,4,454,重要价值
M10635,66,26,35586.83,4,4,5,445,重要价值
M10636,330,54,7093.47,1,5,3,153,重要保持
M10637,62,10,29823.2,4,3,5,435,新客活跃
M10638,267,41,41313.42,2,5,5,255,重要保持
M10639,237,48,40627.97,2,5,5,255,重要保持
M10640,122,17,21211.77,3,4,5,345,重要保持
M10641,134,44,13814.5,3,5,4,354,重要保持
M10642,314,13,32456.39,1,3,5,135,流失预警
M10643,321,2,14856.1,1,1,4,114,流失预警
M10644,199,24,36098.1,2,4,5,245,重要保持
M10645,206,60,29526.9,2,5,5,255,重要保持
M10646,136,33,16290.04,3,5,4,354,重要保持
M10647,29,36,19235.51,5,5,4,554,重要价值
M10648,319,6,2381.32,1,2,2,122,流失预警
M10649,288,57,40476.63,1,5,5,155,重要保持
M10650,286,28,42455.82,1,4,5,145,重要保持
M10651,275,51,37220.44,1,5,5,155,重要保持
M10652,99,36,21193.45,3,5,5,355,重要保持
M10653,244,28,40606.24,2,4,5,245,重要保持
M10654,95,34,48419.27,3,5,5,355,重要保持
M10655,51,5,40351.83,4,2,5,425,新客活跃
M10656,5,18,5622.64,5,4,3,543,重要价值
M10657,309,35,36796.72,1,5,5,155,重要保持
M10658,36,38,26074.79,4,5,5,455,重要价值
M10659,294,49,46279.59,1,5,5,155,重要保持
M10660,148,12,40060.08,3,3,5,335,一般
M10661,81,15,44551.23,4,3,5,435,新客活跃
M10662,40,35,46395.73,4,5,5,455,重要价值
M10663,192,55,38340.73,2,5,5,255,重要保持
M10664,60,26,8055.57,4,4,3,443,重要价值
M10665,307,60,21418.13,1,5,5,155,重要保持
M10666,196,57,19404.45,2,5,4,254,重要保持
M10667,363,2,12802.63,1,1,4,114,流失预警
M10668,270,12,47488.72,1,3,5,135,流失预警
M10669,270,4,34016.22,1,2,5,125,流失预警
M10670,60,7,29543.51,4,2,5,425,新客活跃
M10671,257,22,47330.23,2,4,5,245,重要保持
M10672,129,56,45589.67,3,5,5,355,重要保持
M10673,254,47,40489.02,2,5,5,255,重要保持
M10674,142,3,42751.8,3,1,5,315,一般
M10675,339,9,8119.99,1,3,3,133,流失预警
M10676,341,60,39205.98,1,5,5,155,重要保持
M10677,55,33,15102.93,4,5,4,454,重要价值
M10678,18,57,14459.87,5,5,4,554,重要价值
M10679,256,22,10119.81,2,4,4,244,重要保持
M10680,299,47,31290.76,1,5,5,155,重要保持
M10681,25,28,32928.45,5,4,5,545,重要价值
M10682,217,33,6884.84,2,5,3,253,重要保持
M10683,152,20,28592.19,3,4,5,345,重要保持
M10684,130,41,13253.21,3,5,4,354,重要保持
M10685,166,57,43752.5,3,5,5,355,重要保持
M10686,329,26,30381.83,1,4,5,145,重要保持
M10687,224,47,39622.87,2,5,5,255,重要保持
M10688,176,44,28704.95,3,5,5,355,重要保持
M10689,334,57,22974.25,1,5,5,155,重要保持
M10690,251,18,23671.99,2,4,5,245,重要保持
M10691,236,57,410.56,2,5,1,251,重要保持
M10692,356,31,2782.5,1,5,2,152,重要保持
M10693,259,29,4394.39,2,4,3,243,重要保持
M10694,221,59,2934.13,2,5,2,252,重要保持
M10695,155,3,29128.52,3,1,5,315,一般
M10696,13,25,11213.69,5,4,4,544,重要价值
M10697,338,46,44773.13,1,5,5,155,重要保持
M10698,250,58,43856.58,2,5,5,255,重要保持
M10699,236,38,2192.66,2,5,2,252,重要保持
M10700,6,43,20619.19,5,5,5,555,重要价值
M10701,122,55,45072.83,3,5,5,355,重要保持
M10702,321,24,22705.6,1,4,5,145,重要保持
M10703,200,52,40945.43,2,5,5,255,重要保持
M10704,204,42,47345.57,2,5,5,255,重要保持
M10705,177,42,28817.39,3,5,5,355,重要保持
M10706,346,28,32072.39,1,4,5,145,重要保持
M10707,96,58,11541.55,3,5,4,354,重要保持
M10708,244,32,9772.48,2,5,3,253,重要保持
M10709,53,9,22611.41,4,3,5,435,新客活跃
M10710,94,46,46623.23,3,5,5,355,重要保持
M10711,139,16,21930.79,3,4,5,345,重要保持
M10712,102,6,27678.43,3,2,5,325,一般
M10713,328,40,12700.96,1,5,4,154,重要保持
M10714,225,22,39314.23,2,4,5,245,重要保持
M10715,67,10,45295,4,3,5,435,新客活跃
M10716,182,14,14611.69,2,3,4,234,流失预警
M10717,338,51,3388.96,1,5,2,152,重要保持
M10718,85,35,31100.45,4,5,5,455,重要价值
M10719,197,1,14394.22,2,1,4,214,流失预警
M10720,131,9,9480.7,3,3,3,333,一般
M10721,154,20,3722.57,3,4,2,342,重要保持
M10722,61,55,28423.07,4,5,5,455,重要价值
M10723,187,40,18814.87,2,5,4,254,重要保持
M10724,249,9,16949.34,2,3,4,234,流失预警
M10725,342,14,27679.5,1,3,5,135,流失预警
M10726,49,6,4930.91,4,2,3,423,新客活跃
M10727,326,19,40174.27,1,4,5,145,重要保持
M10728,80,30,38382.43,4,4,5,445,重要价值
M10729,287,19,10779.4,1,4,4,144,重要保持
M10730,130,11,16182.43,3,3,4,334,一般
M10731,109,50,3989.32,3,5,2,352,重要保持
M10732,31,60,9826.14,4,5,3,453,重要价值
M10733,117,37,11121.79,3,5,4,354,重要保持
M10734,176,10,49409.82,3,3,5,335,一般
M10735,184,8,48558.59,2,3,5,235,流失预警
M10736,351,51,2029.98,1,5,2,152,重要保持
M10737,4,11,16829.84,5,3,4,534,新客活跃
M10738,303,9,4594.04,1,3,3,133,流失预警
M10739,12,15,17716.81,5,3,4,534,新客活跃
M10740,291,33,43584.53,1,5,5,155,重要保持
M10741,8,36,38131.24,5,5,5,555,重要价值
M10742,51,6,31026.7,4,2,5,425,新客活跃
M10743,158,2,3100.06,3,1,2,312,一般
M10744,357,37,36275.75,1,5,5,155,重要保持
M10745,335,58,9053.56,1,5,3,153,重要保持
M10746,346,31,40208.51,1,5,5,155,重要保持
M10747,361,24,35673.03,1,4,5,145,重要保持
M10748,156,28,22963.44,3,4,5,345,重要保持
M10749,169,17,48189.88,3,4,5,345,重要保持
M10750,164,18,31617.49,3,4,5,345,重要保持
M10751,324,47,24589.46,1,5,5,155,重要保持
M10752,45,54,23594.25,4,5,5,455,重要价值
M10753,15,34,47281.17,5,5,5,555,重要价值
M10754,287,36,46119.61,1,5,5,155,重要保持
M10755,158,8,3306.95,3,3,2,332,一般
M10756,342,25,45331.88,1,4,5,145,重要保持
M10757,256,27,16973.91,2,4,4,244,重要保持
M10758,300,10,7622.03,1,3,3,133,流失预警
M10759,21,21,41001.27,5,4,5,545,重要价值
M10760,266,31,47544.18,2,5,5,255,重要保持
M10761,214,24,24096.73,2,4,5,245,重要保持
M10762,341,2,48709.59,1,1,5,115,流失预警
M10763,293,23,14767.81,1,4,4,144,重要保持
M10764,148,14,14937.5,3,3,4,334,一般
M10765,238,29,8300.06,2,4,3,243,重要保持
M10766,56,24,43049.76,4,4,5,445,重要价值
M10767,19,40,32343.35,5,5,5,555,重要价值
M10768,166,38,21169.13,3,5,5,355,重要保持
M10769,120,57,42464.31,3,5,5,355,重要保持
M10770,357,5,28435,1,2,5,125,流失预警
M10771,318,52,4397.23,1,5,3,153,重要保持
M10772,332,13,3038.85,1,3,2,132,流失预警
M10773,255,25,33807.33,2,4,5,245,重要保持
M10774,356,46,21110.55,1,5,5,155,重要保持
M10775,73,43,12427.75,4,5,4,454,重要价值
M10776,191,35,34858.23,2,5,5,255,重要保持
M10777,69,58,33056.26,4,5,5,455,重要价值
M10778,362,40,34495.39,1,5,5,155,重要保持
M10779,132,50,42031.06,3,5,5,355,重要保持
M10780,274,18,46829.98,1,4,5,145,重要保持
M10781,363,52,26099.66,1,5,5,155,重要保持
M10782,215,22,20598.05,2,4,5,245,重要保持
M10783,78,11,46323.79,4,3,5,435,新客活跃
M10784,233,41,28134.51,2,5,5,255,重要保持
M10785,358,6,26121.45,1,2,5,125,流失预警
M10786,78,43,17173.68,4,5,4,454,重要价值
M10787,59,6,1329.29,4,2,2,422,新客活跃
M10788,336,40,9288.98,1,5,3,153,重要保持
M10789,40,17,7281.56,4,4,3,443,重要价值
M10790,41,59,37979.19,4,5,5,455,重要价值
M10791,92,28,31098.19,3,4,5,345,重要保持
M10792,139,25,26052.18,3,4,5,345,重要保持
M10793,172,23,15362.24,3,4,4,344,重要保持
M10794,104,45,13292.91,3,5,4,354,重要保持
M10795,5,51,47284.21,5,5,5,555,重要价值
M10796,224,36,13261.2,2,5,4,254,重要保持
M10797,278,36,1818.65,1,5,2,152,重要保持
M10798,186,8,22475.94,2,3,5,235,流失预警
M10799,170,2,17143.03,3,1,4,314,一般
