订单号,日期,SKU,品类,区域,数量,单价,金额,毛利率,库存天数,异常原因,责任人,处理时限h
ORD500000,2025-08-18,SKU1006,食品,华南,3,861.6,2584.8,0.13,139,,,
ORD500001,2025-10-27,SKU1018,家居,华北,56,137.36,7692.16,0.39,171,,,
ORD500002,2025-11-23,SKU1004,服饰,华中,50,567.18,28359,0.31,158,,,
ORD500003,2025-08-23,SKU1013,母婴,华东,39,581.69,22685.91,0.11,140,退货激增,仓配-王,46
ORD500004,2025-09-11,SKU1027,服饰,华北,42,750.49,31520.58,0.55,151,,,
ORD500005,2025-09-24,SKU1007,母婴,华北,21,455.61,9567.81,0.36,173,,,
ORD500006,2025-12-13,SKU1006,食品,华东,41,891.82,36564.62,0.27,116,,,
ORD500007,2025-11-08,SKU1004,服饰,西南,54,541.33,29231.82,0.3,71,,,
ORD500008,2025-11-05,SKU1003,食品,华南,26,644.9,16767.4,0.38,98,,,
ORD500009,2025-11-20,SKU1018,家居,东北,4,199.21,796.84,0.56,154,,,
ORD500010,2025-09-10,SKU1010,服饰,华北,18,280.47,5048.46,0.61,176,,,
ORD500011,2025-07-25,SKU1026,家居,华中,60,648.41,38904.6,0.28,105,,,
ORD500012,2025-12-24,SKU1014,服饰,华东,18,646.01,11628.18,0.1,75,,,
ORD500013,2025-12-18,SKU1023,食品,华北,18,335.73,6043.14,0.19,122,,,
ORD500014,2025-09-08,SKU1015,家居,西南,5,371.62,1858.1,0.31,96,毛利异常,运营-李,43
ORD500015,2025-07-23,SKU1037,家居,华东,54,562.2,30358.8,0.6,151,,,
ORD500016,2025-09-14,SKU1023,食品,东北,10,547.31,5473.1,0.38,20,,,
ORD500017,2025-10-01,SKU1018,家居,东北,16,368.77,5900.32,0.57,78,,,
ORD500018,2025-10-28,SKU1024,家居,华南,56,572.82,32077.92,0.36,29,,,
ORD500019,2025-12-03,SKU1013,母婴,华北,12,371.46,4457.52,0.35,54,,,
ORD500020,2025-10-09,SKU1025,食品,华南,1,261.92,261.92,0.24,64,,,
ORD500021,2025-08-12,SKU1004,服饰,华南,30,547.09,16412.7,0.44,137,,,
ORD500022,2025-11-08,SKU1010,服饰,华中,13,428.72,5573.36,0.28,37,,,
ORD500023,2025-10-13,SKU1011,美妆,华南,56,174.66,9780.96,0.28,10,,,
ORD500024,2025-12-29,SKU1019,数码,华中,42,258.14,10841.88,0.43,28,,,
ORD500025,2025-10-09,SKU1033,家居,西南,38,854.33,32464.54,0.47,61,,,
ORD500026,2025-08-27,SKU1003,食品,东北,54,160.47,8665.38,0.4,151,,,
ORD500027,2025-07-09,SKU1032,食品,华中,20,83.45,1669,0.13,40,,,
ORD500028,2025-09-18,SKU1013,母婴,东北,29,502.01,14558.29,0.13,123,,,
ORD500029,2025-11-25,SKU1007,母婴,华东,27,94.98,2564.46,0.5,172,,,
ORD500030,2025-09-25,SKU1028,母婴,华南,14,123.51,1729.14,0.23,127,,,
ORD500031,2025-08-25,SKU1001,美妆,华东,13,20.89,271.57,0.26,48,,,
ORD500032,2025-07-07,SKU1016,家居,华南,48,407.71,19570.08,0.47,120,,,
ORD500033,2025-09-11,SKU1003,食品,华东,19,251.21,4772.99,0.15,109,,,
ORD500034,2025-11-21,SKU1026,家居,华东,16,336.27,5380.32,0.2,148,缺货,运营-李,71
ORD500035,2025-10-14,SKU1034,家居,华东,34,281.83,9582.22,0.13,38,,,
ORD500036,2025-10-18,SKU1009,家居,华中,51,252.79,12892.29,0.07,150,,,
ORD500037,2025-10-30,SKU1013,母婴,华东,3,765.53,2296.59,0.37,154,滞销,采购-赵,67
ORD500038,2025-08-24,SKU1028,母婴,西南,33,709.15,23401.95,0.27,22,,,
ORD500039,2025-12-30,SKU1017,服饰,华东,29,463.71,13447.59,0.07,131,,,
ORD500040,2025-09-18,SKU1027,服饰,华北,48,430.16,20647.68,0.14,178,,,
ORD500041,2025-12-28,SKU1038,食品,华南,44,87.76,3861.44,0.61,57,,,
ORD500042,2025-08-18,SKU1029,服饰,华南,20,473.42,9468.4,0.28,37,,,
ORD500043,2025-11-26,SKU1006,食品,华中,32,834.92,26717.44,0.23,152,滞销,采购-赵,7
ORD500044,2025-11-06,SKU1022,家居,华东,51,557.4,28427.4,0.15,124,滞销,仓配-王,8
ORD500045,2025-09-04,SKU1009,家居,华中,18,22.39,403.02,0.46,12,,,
ORD500046,2025-10-06,SKU1012,服饰,西南,3,821.88,2465.64,0.2,137,,,
ORD500047,2025-12-21,SKU1035,家居,东北,5,295.61,1478.05,0.18,23,,,
ORD500048,2025-09-14,SKU1005,美妆,华东,20,819.37,16387.4,0.43,151,毛利异常,仓配-王,22
ORD500049,2025-10-02,SKU1026,家居,华中,51,236.86,12079.86,0.53,52,,,
ORD500050,2025-11-29,SKU1021,数码,华东,37,454.57,16819.09,0.24,48,退货激增,采购-赵,12
ORD500051,2025-08-09,SKU1003,食品,华东,22,584.97,12869.34,0.11,129,缺货,仓配-王,68
ORD500052,2025-11-30,SKU1015,家居,华东,17,287.61,4889.37,0.54,41,,,
ORD500053,2025-10-06,SKU1020,美妆,华东,40,468.01,18720.4,0.51,147,,,
ORD500054,2025-08-04,SKU1025,食品,东北,55,309.95,17047.25,0.45,59,,,
ORD500055,2025-09-23,SKU1037,家居,华东,32,242.01,7744.32,0.19,138,滞销,仓配-王,70
ORD500056,2025-10-26,SKU1027,服饰,华中,49,378.81,18561.69,0.48,137,毛利异常,采购-赵,36
ORD500057,2025-09-16,SKU1010,服饰,华南,13,287.65,3739.45,0.44,4,退货激增,仓配-王,36
ORD500058,2025-10-01,SKU1032,食品,华东,52,685.19,35629.88,0.44,45,,,
ORD500059,2025-10-27,SKU1016,家居,华北,18,623.04,11214.72,0.52,139,,,
ORD500060,2025-08-14,SKU1013,母婴,华南,56,867.13,48559.28,0.29,113,,,
ORD500061,2025-12-20,SKU1018,家居,华中,45,508.57,22885.65,0.17,176,,,
ORD500062,2025-08-13,SKU1038,食品,东北,33,660.37,21792.21,0.38,88,缺货,仓配-王,34
ORD500063,2025-10-17,SKU1012,服饰,东北,27,502.77,13574.79,0.26,62,,,
ORD500064,2025-07-29,SKU1004,服饰,华中,23,414.3,9528.9,0.59,133,,,
ORD500065,2025-10-17,SKU1001,美妆,华南,39,422.15,16463.85,0.15,55,,,
ORD500066,2025-12-15,SKU1027,服饰,华南,48,411.18,19736.64,0.52,18,,,
ORD500067,2025-07-11,SKU1006,食品,西南,49,189.86,9303.14,0.47,50,,,
ORD500068,2025-12-09,SKU1023,食品,东北,12,781.71,9380.52,0.11,133,退货激增,仓配-王,57
ORD500069,2025-08-16,SKU1003,食品,华东,48,461.91,22171.68,0.6,119,,,
ORD500070,2025-07-10,SKU1024,家居,华中,4,618.18,2472.72,0.56,6,,,
ORD500071,2025-08-23,SKU1009,家居,东北,20,429.48,8589.6,0.39,4,,,
ORD500072,2025-10-06,SKU1017,服饰,华东,27,517.16,13963.32,0.13,51,,,
ORD500073,2025-07-25,SKU1003,食品,东北,60,569.2,34152,0.46,178,退货激增,采购-赵,51
ORD500074,2025-07-11,SKU1010,服饰,西南,40,869.46,34778.4,0.17,82,,,
ORD500075,2025-09-01,SKU1014,服饰,华北,33,179.78,5932.74,0.52,169,,,
ORD500076,2025-11-12,SKU1022,家居,西南,38,760.22,28888.36,0.06,69,,,
ORD500077,2025-07-22,SKU1004,服饰,西南,17,799.42,13590.14,0.33,140,,,
ORD500078,2025-11-21,SKU1019,数码,华南,48,654.92,31436.16,0.57,29,,,
ORD500079,2025-08-14,SKU1029,服饰,华北,58,457.8,26552.4,0.39,154,,,
ORD500080,2025-10-21,SKU1002,食品,东北,56,570.47,31946.32,0.44,116,,,
ORD500081,2025-08-20,SKU1005,美妆,华北,26,565.74,14709.24,0.49,102,,,
ORD500082,2025-10-31,SKU1015,家居,东北,11,271.35,2984.85,0.39,32,,,
ORD500083,2025-11-07,SKU1002,食品,华南,27,783.37,21150.99,0.48,90,,,
ORD500084,2025-11-16,SKU1009,家居,华南,49,125.94,6171.06,0.32,110,,,
ORD500085,2025-09-15,SKU1026,家居,东北,35,725.95,25408.25,0.5,149,退货激增,仓配-王,63
ORD500086,2025-11-29,SKU1035,家居,东北,51,364.45,18586.95,0.12,133,,,
ORD500087,2025-11-24,SKU1011,美妆,华东,29,332.51,9642.79,0.22,179,,,
ORD500088,2025-07-28,SKU1011,美妆,华中,31,314.27,9742.37,0.52,169,,,
ORD500089,2025-12-26,SKU1037,家居,华北,25,410.25,10256.25,0.06,68,,,
ORD500090,2025-10-27,SKU1026,家居,华南,11,688.12,7569.32,0.28,102,退货激增,采购-赵,24
ORD500091,2025-09-03,SKU1003,食品,华中,10,356.33,3563.3,0.34,179,缺货,仓配-王,40
ORD500092,2025-12-23,SKU1017,服饰,华南,58,735.57,42663.06,0.16,73,,,
ORD500093,2025-10-22,SKU1026,家居,西南,4,667.68,2670.72,0.49,95,,,
ORD500094,2025-11-14,SKU1003,食品,华南,41,534.89,21930.49,0.57,28,,,
ORD500095,2025-09-30,SKU1028,母婴,华中,6,447.73,2686.38,0.45,35,,,
ORD500096,2025-12-27,SKU1029,服饰,东北,42,765.96,32170.32,0.54,42,,,
ORD500097,2025-09-14,SKU1017,服饰,华南,37,639.24,23651.88,0.51,165,,,
ORD500098,2025-09-03,SKU1033,家居,西南,30,415.64,12469.2,0.07,89,,,
ORD500099,2025-07-08,SKU1021,数码,华北,34,58.69,1995.46,0.57,177,,,
ORD500100,2025-08-10,SKU1029,服饰,东北,29,648.78,18814.62,0.28,154,,,
ORD500101,2025-09-15,SKU1013,母婴,华中,11,82.32,905.52,0.43,3,,,
ORD500102,2025-09-13,SKU1003,食品,华北,23,38.72,890.56,0.31,32,,,
ORD500103,2025-12-15,SKU1019,数码,西南,43,17.35,746.05,0.15,116,,,
ORD500104,2025-12-31,SKU1037,家居,西南,13,751.01,9763.13,0.16,61,,,
ORD500105,2025-10-31,SKU1021,数码,西南,50,605.64,30282,0.61,24,,,
ORD500106,2025-10-05,SKU1009,家居,华北,16,802.75,12844,0.55,167,,,
ORD500107,2025-12-17,SKU1031,母婴,华南,4,118.86,475.44,0.12,178,毛利异常,运营-李,13
ORD500108,2025-08-03,SKU1016,家居,华北,7,628.91,4402.37,0.58,106,,,
ORD500109,2025-10-13,SKU1025,食品,华中,27,204.12,5511.24,0.48,98,,,
ORD500110,2025-08-03,SKU1015,家居,华南,12,283.3,3399.6,0.19,129,,,
ORD500111,2025-12-29,SKU1010,服饰,西南,25,46.64,1166,0.41,22,,,
ORD500112,2025-12-10,SKU1034,家居,华北,6,426.27,2557.62,0.46,102,,,
ORD500113,2025-11-07,SKU1006,食品,华东,5,872.87,4364.35,0.45,41,,,
ORD500114,2025-08-01,SKU1005,美妆,西南,38,64.19,2439.22,0.09,102,滞销,仓配-王,19
ORD500115,2025-10-30,SKU1014,服饰,华北,25,895.7,22392.5,0.11,18,,,
ORD500116,2025-11-11,SKU1017,服饰,东北,12,756.95,9083.4,0.46,150,,,
ORD500117,2025-08-11,SKU1019,数码,华南,46,529.8,24370.8,0.08,132,,,
ORD500118,2025-08-26,SKU1025,食品,东北,50,700.48,35024,0.44,51,,,
ORD500119,2025-08-26,SKU1029,服饰,华中,54,153.94,8312.76,0.57,157,,,
ORD500120,2025-10-22,SKU1001,美妆,东北,40,371.58,14863.2,0.24,100,,,
ORD500121,2025-08-16,SKU1038,食品,西南,39,92.25,3597.75,0.57,112,,,
ORD500122,2025-08-28,SKU1013,母婴,西南,18,752.64,13547.52,0.47,88,,,
ORD500123,2025-07-16,SKU1017,服饰,华南,29,426.23,12360.67,0.3,7,,,
ORD500124,2025-07-24,SKU1002,食品,东北,60,417.76,25065.6,0.45,36,,,
ORD500125,2025-09-20,SKU1017,服饰,东北,46,543.98,25023.08,0.08,171,,,
ORD500126,2025-08-01,SKU1028,母婴,华东,38,44.57,1693.66,0.3,34,,,
ORD500127,2025-07-16,SKU1015,家居,东北,24,853.01,20472.24,0.3,59,,,
ORD500128,2025-09-07,SKU1037,家居,华东,43,447.35,19236.05,0.46,137,,,
ORD500129,2025-12-22,SKU1031,母婴,西南,18,195.53,3519.54,0.14,130,,,
ORD500130,2025-07-13,SKU1025,食品,华东,1,433.96,433.96,0.22,118,,,
ORD500131,2025-11-10,SKU1026,家居,华北,10,261.84,2618.4,0.42,178,,,
ORD500132,2025-08-31,SKU1035,家居,东北,23,376.51,8659.73,0.22,91,滞销,仓配-王,45
ORD500133,2025-08-28,SKU1021,数码,东北,40,329.15,13166,0.39,119,,,
ORD500134,2025-12-22,SKU1013,母婴,西南,17,211.62,3597.54,0.45,77,,,
ORD500135,2025-09-29,SKU1006,食品,东北,23,243.77,5606.71,0.56,1,,,
ORD500136,2025-10-12,SKU1021,数码,华东,46,91.82,4223.72,0.17,139,,,
ORD500137,2025-12-18,SKU1009,家居,华中,31,48.12,1491.72,0.36,77,,,
ORD500138,2025-10-27,SKU1016,家居,华南,17,432.58,7353.86,0.22,70,,,
ORD500139,2025-12-26,SKU1019,数码,华东,31,639.57,19826.67,0.4,134,退货激增,采购-赵,29
ORD500140,2025-10-25,SKU1006,食品,华南,13,313.06,4069.78,0.27,127,,,
ORD500141,2025-12-15,SKU1018,家居,华南,51,101.7,5186.7,0.4,140,,,
ORD500142,2025-12-05,SKU1016,家居,东北,34,288.49,9808.66,0.23,178,,,
ORD500143,2025-12-19,SKU1019,数码,华中,9,678.03,6102.27,0.26,72,,,
ORD500144,2025-09-19,SKU1016,家居,西南,41,829.05,33991.05,0.31,15,,,
ORD500145,2025-09-27,SKU1006,食品,东北,14,339.39,4751.46,0.46,107,,,
ORD500146,2025-12-24,SKU1017,服饰,华中,1,307.37,307.37,0.59,100,,,
ORD500147,2025-10-19,SKU1015,家居,华北,48,846.64,40638.72,0.43,117,滞销,采购-赵,20
ORD500148,2025-11-16,SKU1000,家居,华东,59,353.38,20849.42,0.48,8,退货激增,采购-赵,38
ORD500149,2025-07-11,SKU1017,服饰,华北,46,894.33,41139.18,0.55,27,滞销,仓配-王,59
ORD500150,2025-08-29,SKU1023,食品,华南,17,90.43,1537.31,0.5,110,,,
ORD500151,2025-07-27,SKU1007,母婴,华东,53,115.03,6096.59,0.57,106,,,
ORD500152,2025-12-01,SKU1001,美妆,西南,12,409.49,4913.88,0.48,8,,,
ORD500153,2025-09-05,SKU1006,食品,华中,50,437.81,21890.5,0.42,174,,,
ORD500154,2025-10-15,SKU1017,服饰,东北,41,512.08,20995.28,0.51,146,,,
ORD500155,2025-11-03,SKU1034,家居,西南,24,761.29,18270.96,0.41,158,,,
ORD500156,2025-08-24,SKU1039,家居,华北,36,366.21,13183.56,0.35,32,,,
ORD500157,2025-10-17,SKU1026,家居,华南,28,453.58,12700.24,0.39,37,滞销,仓配-王,71
ORD500158,2025-12-17,SKU1031,母婴,华南,6,585.44,3512.64,0.59,137,,,
ORD500159,2025-10-11,SKU1032,食品,华中,46,817.03,37583.38,0.25,21,,,
ORD500160,2025-11-28,SKU1025,食品,东北,26,644.59,16759.34,0.25,180,,,
ORD500161,2025-12-07,SKU1038,食品,西南,44,88.03,3873.32,0.47,113,,,
ORD500162,2025-08-28,SKU1008,数码,东北,17,336.78,5725.26,0.43,25,,,
ORD500163,2025-11-05,SKU1013,母婴,华中,29,863.78,25049.62,0.1,150,,,
ORD500164,2025-12-17,SKU1002,食品,华南,31,676.71,20978.01,0.57,86,,,
ORD500165,2025-11-01,SKU1028,母婴,华东,59,359.84,21230.56,0.21,164,,,
ORD500166,2025-11-09,SKU1001,美妆,西南,42,57.51,2415.42,0.49,95,,,
ORD500167,2025-07-31,SKU1027,服饰,华中,2,209.07,418.14,0.19,83,毛利异常,仓配-王,10
ORD500168,2025-09-11,SKU1030,美妆,华北,6,128.37,770.22,0.22,106,,,
ORD500169,2025-10-31,SKU1037,家居,西南,56,312.95,17525.2,0.62,54,,,
ORD500170,2025-11-10,SKU1011,美妆,东北,51,147.42,7518.42,0.4,58,,,
ORD500171,2025-12-21,SKU1037,家居,华中,27,865.87,23378.49,0.48,111,,,
ORD500172,2025-09-01,SKU1003,食品,华东,31,261.26,8099.06,0.55,126,,,
ORD500173,2025-11-25,SKU1025,食品,东北,26,743.15,19321.9,0.5,19,,,
ORD500174,2025-10-09,SKU1019,数码,华南,14,820.95,11493.3,0.12,168,缺货,采购-赵,49
ORD500175,2025-10-28,SKU1014,服饰,东北,40,326.63,13065.2,0.35,180,,,
ORD500176,2025-12-21,SKU1004,服饰,华南,41,440.2,18048.2,0.55,67,毛利异常,采购-赵,32
ORD500177,2025-09-13,SKU1034,家居,华东,23,717.77,16508.71,0.14,128,,,
ORD500178,2025-08-08,SKU1037,家居,华中,39,750.57,29272.23,0.32,20,,,
ORD500179,2025-07-12,SKU1017,服饰,东北,16,515.65,8250.4,0.34,104,,,
ORD500180,2025-12-04,SKU1028,母婴,东北,7,717.03,5019.21,0.29,103,,,
ORD500181,2025-11-05,SKU1017,服饰,华中,24,738.1,17714.4,0.21,20,退货激增,运营-李,29
ORD500182,2025-08-28,SKU1022,家居,东北,40,292.8,11712,0.1,125,,,
ORD500183,2025-09-12,SKU1031,母婴,华南,49,483.69,23700.81,0.1,53,,,
ORD500184,2025-10-28,SKU1032,食品,华北,31,289.1,8962.1,0.6,22,,,
ORD500185,2025-11-26,SKU1011,美妆,华东,33,226.01,7458.33,0.49,113,退货激增,采购-赵,20
ORD500186,2025-08-14,SKU1034,家居,华中,30,232.44,6973.2,0.17,120,,,
ORD500187,2025-09-22,SKU1030,美妆,西南,17,17.42,296.14,0.54,67,滞销,采购-赵,21
ORD500188,2025-10-19,SKU1021,数码,华东,36,828.82,29837.52,0.22,17,缺货,运营-李,57
ORD500189,2025-09-14,SKU1021,数码,华南,35,868.46,30396.1,0.22,138,,,
ORD500190,2025-11-11,SKU1018,家居,华东,13,386.5,5024.5,0.45,73,,,
ORD500191,2025-09-28,SKU1009,家居,华北,8,82.22,657.76,0.5,179,,,
ORD500192,2025-09-09,SKU1036,食品,西南,43,685.21,29464.03,0.1,34,,,
ORD500193,2025-11-02,SKU1002,食品,华东,50,215.32,10766,0.1,141,,,
ORD500194,2025-12-13,SKU1025,食品,东北,13,585.17,7607.21,0.37,140,,,
ORD500195,2025-11-05,SKU1012,服饰,华中,38,218.12,8288.56,0.44,131,缺货,仓配-王,71
ORD500196,2025-11-08,SKU1033,家居,华中,40,383.98,15359.2,0.1,127,,,
ORD500197,2025-11-28,SKU1037,家居,华北,51,853.74,43540.74,0.4,76,,,
ORD500198,2025-12-17,SKU1028,母婴,西南,36,372.75,13419,0.59,31,,,
ORD500199,2025-10-21,SKU1004,服饰,西南,28,56.22,1574.16,0.48,78,,,
ORD500200,2025-11-11,SKU1021,数码,东北,23,875.43,20134.89,0.34,25,,,
ORD500201,2025-12-28,SKU1015,家居,华北,11,347.97,3827.67,0.31,41,,,
ORD500202,2025-11-04,SKU1036,食品,华东,47,74.04,3479.88,0.45,57,,,
ORD500203,2025-08-01,SKU1016,家居,西南,9,90.14,811.26,0.13,140,,,
ORD500204,2025-11-25,SKU1036,食品,华北,36,724.75,26091,0.28,122,毛利异常,仓配-王,39
ORD500205,2025-11-21,SKU1018,家居,华东,17,47.65,810.05,0.2,139,,,
ORD500206,2025-09-25,SKU1025,食品,华中,26,560.96,14584.96,0.31,46,,,
ORD500207,2025-10-16,SKU1032,食品,东北,43,158.01,6794.43,0.42,149,,,
ORD500208,2025-08-17,SKU1027,服饰,东北,44,715.31,31473.64,0.17,110,,,
ORD500209,2025-12-30,SKU1038,食品,华东,16,474.69,7595.04,0.06,81,,,
ORD500210,2025-07-30,SKU1000,家居,东北,58,811.63,47074.54,0.45,158,缺货,运营-李,35
ORD500211,2025-11-29,SKU1029,服饰,华中,46,448.28,20620.88,0.17,36,,,
ORD500212,2025-11-05,SKU1011,美妆,华北,17,81.24,1381.08,0.09,48,,,
ORD500213,2025-12-07,SKU1013,母婴,西南,7,819.28,5734.96,0.41,157,,,
ORD500214,2025-09-01,SKU1017,服饰,东北,48,52.22,2506.56,0.17,74,,,
ORD500215,2025-10-02,SKU1031,母婴,东北,47,652.09,30648.23,0.25,25,,,
ORD500216,2025-10-08,SKU1031,母婴,华东,28,683.1,19126.8,0.59,147,,,
ORD500217,2025-07-25,SKU1010,服饰,东北,21,365.43,7674.03,0.59,134,,,
ORD500218,2025-11-17,SKU1035,家居,西南,40,818.34,32733.6,0.13,28,,,
ORD500219,2025-07-10,SKU1011,美妆,西南,27,724.46,19560.42,0.29,73,,,
ORD500220,2025-08-15,SKU1003,食品,西南,26,354.25,9210.5,0.14,114,滞销,运营-李,19
ORD500221,2025-10-05,SKU1019,数码,华中,32,844.34,27018.88,0.2,62,,,
ORD500222,2025-08-29,SKU1033,家居,西南,27,20.45,552.15,0.22,69,,,
ORD500223,2025-09-29,SKU1038,食品,华中,35,755.07,26427.45,0.4,75,退货激增,运营-李,39
ORD500224,2025-10-04,SKU1009,家居,东北,16,103.32,1653.12,0.59,106,,,
ORD500225,2025-11-07,SKU1030,美妆,华东,36,35.9,1292.4,0.37,162,,,
ORD500226,2025-08-18,SKU1039,家居,华中,58,751.72,43599.76,0.25,73,,,
ORD500227,2025-08-16,SKU1021,数码,华南,31,638.52,19794.12,0.1,155,,,
ORD500228,2025-12-23,SKU1035,家居,华东,34,810.47,27555.98,0.11,45,,,
ORD500229,2025-08-24,SKU1038,食品,华北,42,103.89,4363.38,0.6,146,,,
ORD500230,2025-07-28,SKU1030,美妆,东北,30,450.26,13507.8,0.2,111,,,
ORD500231,2025-10-27,SKU1005,美妆,华东,27,183.81,4962.87,0.56,141,,,
ORD500232,2025-12-22,SKU1010,服饰,东北,26,562.68,14629.68,0.26,32,,,
ORD500233,2025-12-12,SKU1021,数码,华中,55,286.85,15776.75,0.19,44,,,
ORD500234,2025-10-13,SKU1034,家居,西南,29,325.69,9445.01,0.61,76,,,
ORD500235,2025-12-02,SKU1020,美妆,华北,51,757.35,38624.85,0.17,170,,,
ORD500236,2025-08-24,SKU1005,美妆,华北,58,879.98,51038.84,0.49,17,,,
ORD500237,2025-08-20,SKU1016,家居,华中,30,603.97,18119.1,0.13,9,毛利异常,采购-赵,43
ORD500238,2025-07-16,SKU1028,母婴,西南,45,97.28,4377.6,0.05,21,缺货,运营-李,40
ORD500239,2025-12-19,SKU1034,家居,西南,40,79.21,3168.4,0.36,149,,,
ORD500240,2025-10-05,SKU1015,家居,西南,7,650.99,4556.93,0.61,149,滞销,采购-赵,63
ORD500241,2025-11-22,SKU1005,美妆,东北,58,858.41,49787.78,0.42,58,,,
ORD500242,2025-10-08,SKU1017,服饰,华北,19,541.58,10290.02,0.15,114,毛利异常,仓配-王,18
ORD500243,2025-09-13,SKU1001,美妆,西南,34,888.73,30216.82,0.55,169,,,
ORD500244,2025-07-10,SKU1012,服饰,西南,52,787.04,40926.08,0.05,150,,,
ORD500245,2025-10-23,SKU1021,数码,西南,22,663.3,14592.6,0.47,39,,,
ORD500246,2025-07-06,SKU1017,服饰,华中,3,655.54,1966.62,0.47,16,滞销,仓配-王,48
ORD500247,2025-10-13,SKU1015,家居,华南,35,251.12,8789.2,0.5,5,,,
ORD500248,2025-09-27,SKU1007,母婴,华北,21,880.36,18487.56,0.25,40,,,
ORD500249,2025-07-16,SKU1012,服饰,华东,55,233.48,12841.4,0.28,115,,,
ORD500250,2025-10-01,SKU1006,食品,华中,58,556.92,32301.36,0.37,88,,,
ORD500251,2025-11-02,SKU1015,家居,华中,42,91.52,3843.84,0.24,59,,,
ORD500252,2025-11-30,SKU1000,家居,华南,6,598.21,3589.26,0.35,86,,,
ORD500253,2025-10-06,SKU1013,母婴,东北,25,534.29,13357.25,0.48,113,毛利异常,仓配-王,15
ORD500254,2025-09-23,SKU1009,家居,华南,26,64,1664,0.31,40,,,
ORD500255,2025-08-11,SKU1001,美妆,华中,34,471.21,16021.14,0.13,88,,,
ORD500256,2025-12-14,SKU1000,家居,西南,2,527.06,1054.12,0.29,149,,,
ORD500257,2025-08-14,SKU1026,家居,华南,13,592.64,7704.32,0.18,158,,,
ORD500258,2025-10-19,SKU1008,数码,华南,53,18.56,983.68,0.17,52,滞销,运营-李,17
ORD500259,2025-10-31,SKU1032,食品,东北,13,100.73,1309.49,0.57,91,毛利异常,运营-李,70
ORD500260,2025-12-08,SKU1030,美妆,华中,13,676.77,8798.01,0.23,114,,,
ORD500261,2025-12-15,SKU1003,食品,东北,17,761.71,12949.07,0.17,33,,,
ORD500262,2025-08-04,SKU1012,服饰,华南,43,13.77,592.11,0.57,126,,,
ORD500263,2025-08-10,SKU1036,食品,华东,52,77.52,4031.04,0.15,37,,,
ORD500264,2025-12-22,SKU1010,服饰,东北,44,387.6,17054.4,0.08,20,,,
ORD500265,2025-10-07,SKU1003,食品,华北,26,221.44,5757.44,0.23,56,,,
ORD500266,2025-07-28,SKU1023,食品,华南,19,152.65,2900.35,0.47,82,缺货,运营-李,10
ORD500267,2025-09-22,SKU1024,家居,西南,55,624.7,34358.5,0.11,66,,,
ORD500268,2025-12-18,SKU1010,服饰,华东,57,122.48,6981.36,0.36,93,,,
ORD500269,2025-08-25,SKU1015,家居,华中,40,53.03,2121.2,0.07,112,,,
ORD500270,2025-11-25,SKU1015,家居,东北,49,798.1,39106.9,0.35,113,,,
ORD500271,2025-11-17,SKU1038,食品,华南,48,226.26,10860.48,0.37,59,,,
ORD500272,2025-07-15,SKU1008,数码,华南,34,324.04,11017.36,0.12,27,,,
ORD500273,2025-12-10,SKU1017,服饰,华南,27,307.68,8307.36,0.09,67,,,
ORD500274,2025-07-30,SKU1039,家居,华北,27,382.8,10335.6,0.6,134,,,
ORD500275,2025-12-24,SKU1036,食品,华北,56,687.88,38521.28,0.55,70,,,
ORD500276,2025-07-13,SKU1011,美妆,华北,21,443.43,9312.03,0.25,21,,,
ORD500277,2025-12-22,SKU1017,服饰,华南,7,305.83,2140.81,0.16,119,,,
ORD500278,2025-07-05,SKU1037,家居,华中,48,574.08,27555.84,0.08,41,缺货,仓配-王,21
ORD500279,2025-11-14,SKU1028,母婴,华东,58,759.4,44045.2,0.08,150,缺货,采购-赵,40
ORD500280,2025-12-16,SKU1025,食品,东北,17,77.81,1322.77,0.51,107,,,
ORD500281,2025-11-18,SKU1000,家居,西南,55,728.65,40075.75,0.33,90,,,
ORD500282,2025-08-23,SKU1000,家居,华南,23,685.42,15764.66,0.07,158,,,
ORD500283,2025-07-31,SKU1011,美妆,华北,42,568.09,23859.78,0.36,53,,,
ORD500284,2025-08-13,SKU1007,母婴,华南,39,131.17,5115.63,0.53,139,,,
ORD500285,2025-07-21,SKU1031,母婴,东北,45,722.44,32509.8,0.49,52,,,
ORD500286,2025-12-19,SKU1022,家居,华南,40,356.02,14240.8,0.21,121,,,
ORD500287,2025-09-04,SKU1008,数码,华南,59,62.48,3686.32,0.37,34,,,
ORD500288,2025-08-29,SKU1000,家居,华中,60,643.09,38585.4,0.38,159,,,
ORD500289,2025-09-20,SKU1025,食品,东北,29,729.88,21166.52,0.2,143,,,
ORD500290,2025-07-05,SKU1012,服饰,东北,55,603.09,33169.95,0.06,159,,,
ORD500291,2025-09-27,SKU1009,家居,华中,40,446.59,17863.6,0.37,177,,,
ORD500292,2025-11-07,SKU1024,家居,西南,52,182.83,9507.16,0.61,122,,,
ORD500293,2025-11-28,SKU1002,食品,东北,56,39.62,2218.72,0.39,9,退货激增,采购-赵,26
ORD500294,2025-12-16,SKU1014,服饰,华中,49,775.91,38019.59,0.38,56,,,
ORD500295,2025-12-15,SKU1037,家居,华南,36,600.69,21624.84,0.29,172,滞销,采购-赵,41
ORD500296,2025-12-31,SKU1024,家居,华北,12,697.39,8368.68,0.35,119,,,
ORD500297,2025-09-12,SKU1030,美妆,西南,2,826.01,1652.02,0.33,179,,,
ORD500298,2025-08-04,SKU1021,数码,华东,21,417.43,8766.03,0.18,133,退货激增,采购-赵,61
ORD500299,2025-09-24,SKU1029,服饰,华中,22,172.42,3793.24,0.3,22,毛利异常,采购-赵,4
ORD500300,2025-10-23,SKU1038,食品,华中,1,686.43,686.43,0.5,177,滞销,运营-李,5
ORD500301,2025-09-06,SKU1001,美妆,华中,11,385.5,4240.5,0.18,87,,,
ORD500302,2025-07-31,SKU1023,食品,华南,60,683.77,41026.2,0.08,174,,,
ORD500303,2025-07-30,SKU1017,服饰,华南,52,39.65,2061.8,0.32,130,,,
ORD500304,2025-09-05,SKU1016,家居,华北,1,302.01,302.01,0.26,130,退货激增,仓配-王,15
ORD500305,2025-11-17,SKU1008,数码,华北,57,843.96,48105.72,0.48,87,,,
ORD500306,2025-07-13,SKU1025,食品,东北,20,871.83,17436.6,0.39,28,,,
ORD500307,2025-12-16,SKU1031,母婴,东北,33,555.41,18328.53,0.15,124,,,
ORD500308,2025-09-21,SKU1034,家居,华南,52,824.17,42856.84,0.52,90,,,
ORD500309,2025-12-30,SKU1012,服饰,东北,2,361.81,723.62,0.38,52,,,
ORD500310,2025-12-02,SKU1016,家居,华东,55,314.93,17321.15,0.11,126,,,
ORD500311,2025-07-05,SKU1024,家居,华中,1,401.64,401.64,0.6,69,,,
ORD500312,2025-08-05,SKU1017,服饰,华北,26,427.75,11121.5,0.3,13,,,
ORD500313,2025-12-13,SKU1036,食品,华北,32,193,6176,0.53,110,,,
ORD500314,2025-12-05,SKU1039,家居,西南,60,690.34,41420.4,0.37,153,,,
ORD500315,2025-08-11,SKU1037,家居,华南,16,233.13,3730.08,0.52,58,滞销,采购-赵,44
ORD500316,2025-08-14,SKU1025,食品,西南,12,122.83,1473.96,0.21,18,,,
ORD500317,2025-09-15,SKU1021,数码,东北,15,437.87,6568.05,0.18,135,,,
ORD500318,2025-11-08,SKU1002,食品,华中,7,741.68,5191.76,0.11,173,,,
ORD500319,2025-09-03,SKU1029,服饰,华北,56,809.11,45310.16,0.24,11,,,
ORD500320,2025-08-23,SKU1021,数码,东北,47,300.44,14120.68,0.32,156,,,
ORD500321,2025-08-20,SKU1016,家居,华中,46,46.04,2117.84,0.27,28,,,
ORD500322,2025-07-24,SKU1005,美妆,东北,34,636.75,21649.5,0.61,44,毛利异常,采购-赵,58
ORD500323,2025-07-05,SKU1018,家居,华北,45,789.89,35545.05,0.34,141,,,
ORD500324,2025-10-22,SKU1034,家居,东北,51,786.46,40109.46,0.43,137,,,
ORD500325,2025-10-29,SKU1031,母婴,华东,8,654.79,5238.32,0.17,123,滞销,采购-赵,21
ORD500326,2025-12-27,SKU1022,家居,西南,49,419.64,20562.36,0.25,146,退货激增,仓配-王,48
ORD500327,2025-07-06,SKU1019,数码,华南,5,715.14,3575.7,0.44,124,退货激增,运营-李,8
ORD500328,2025-10-31,SKU1011,美妆,华北,29,465.63,13503.27,0.29,142,毛利异常,采购-赵,39
ORD500329,2025-12-15,SKU1012,服饰,华北,40,823.92,32956.8,0.52,138,,,
ORD500330,2025-08-01,SKU1025,食品,华东,18,111.03,1998.54,0.28,46,,,
ORD500331,2025-07-29,SKU1022,家居,华东,60,729.77,43786.2,0.06,69,缺货,仓配-王,4
ORD500332,2025-10-27,SKU1010,服饰,华北,12,578.55,6942.6,0.31,49,毛利异常,运营-李,55
ORD500333,2025-12-12,SKU1008,数码,华中,39,617.14,24068.46,0.21,81,,,
ORD500334,2025-09-27,SKU1036,食品,西南,16,894.14,14306.24,0.08,18,,,
ORD500335,2025-09-06,SKU1009,家居,华东,21,508.67,10682.07,0.49,102,,,
ORD500336,2025-11-27,SKU1008,数码,华北,1,431.03,431.03,0.29,75,,,
ORD500337,2025-09-07,SKU1022,家居,华南,29,764.05,22157.45,0.48,120,毛利异常,采购-赵,31
ORD500338,2025-11-10,SKU1039,家居,华中,9,18.87,169.83,0.1,4,,,
ORD500339,2025-07-14,SKU1030,美妆,西南,30,115.83,3474.9,0.3,125,,,
ORD500340,2025-10-21,SKU1015,家居,西南,38,658.1,25007.8,0.47,132,退货激增,仓配-王,29
ORD500341,2025-10-02,SKU1037,家居,华中,57,662.23,37747.11,0.37,22,,,
ORD500342,2025-10-02,SKU1018,家居,华东,55,86.76,4771.8,0.49,159,,,
ORD500343,2025-10-11,SKU1016,家居,华北,13,88.21,1146.73,0.44,104,,,
ORD500344,2025-09-05,SKU1037,家居,华南,54,44.23,2388.42,0.62,20,,,
ORD500345,2025-07-21,SKU1000,家居,华北,2,464.61,929.22,0.38,173,,,
ORD500346,2025-11-26,SKU1020,美妆,西南,3,692.76,2078.28,0.08,102,,,
ORD500347,2025-08-06,SKU1025,食品,华南,42,421.47,17701.74,0.19,171,,,
ORD500348,2025-12-19,SKU1016,家居,华北,8,796.99,6375.92,0.07,176,,,
ORD500349,2025-09-03,SKU1013,母婴,华东,26,80.36,2089.36,0.36,170,退货激增,运营-李,20
ORD500350,2025-09-16,SKU1011,美妆,华中,15,764.38,11465.7,0.46,71,,,
ORD500351,2025-12-14,SKU1017,服饰,华中,16,679.62,10873.92,0.54,143,,,
ORD500352,2025-08-26,SKU1000,家居,东北,44,468.06,20594.64,0.24,37,,,
ORD500353,2025-09-25,SKU1006,食品,东北,22,225.86,4968.92,0.17,7,,,
ORD500354,2025-10-15,SKU1015,家居,华北,44,392.49,17269.56,0.26,167,,,
ORD500355,2025-11-27,SKU1020,美妆,华东,9,319.29,2873.61,0.12,35,,,
ORD500356,2025-10-03,SKU1028,母婴,华北,13,408.57,5311.41,0.54,116,,,
ORD500357,2025-10-22,SKU1037,家居,华东,60,377.73,22663.8,0.45,72,退货激增,采购-赵,7
ORD500358,2025-07-14,SKU1024,家居,华东,51,495.63,25277.13,0.22,141,,,
ORD500359,2025-11-30,SKU1039,家居,华东,11,633.29,6966.19,0.4,72,毛利异常,采购-赵,11
ORD500360,2025-12-26,SKU1019,数码,华北,41,380.83,15614.03,0.33,19,,,
ORD500361,2025-07-23,SKU1026,家居,华北,54,18.71,1010.34,0.37,84,,,
ORD500362,2025-10-19,SKU1025,食品,华中,56,747.61,41866.16,0.28,84,,,
ORD500363,2025-10-22,SKU1022,家居,华南,30,669.47,20084.1,0.18,127,,,
ORD500364,2025-12-06,SKU1010,服饰,华北,21,180.64,3793.44,0.27,95,,,
ORD500365,2025-10-07,SKU1023,食品,东北,23,500.69,11515.87,0.09,134,退货激增,仓配-王,70
ORD500366,2025-12-20,SKU1000,家居,华东,15,314.88,4723.2,0.59,13,,,
ORD500367,2025-10-23,SKU1012,服饰,华南,11,93.56,1029.16,0.56,140,,,
ORD500368,2025-07-24,SKU1010,服饰,华南,46,566.52,26059.92,0.43,64,,,
ORD500369,2025-08-23,SKU1009,家居,东北,49,249.58,12229.42,0.14,158,,,
ORD500370,2025-10-16,SKU1030,美妆,东北,59,298.49,17610.91,0.11,157,,,
ORD500371,2025-10-22,SKU1019,数码,华北,55,30.98,1703.9,0.22,93,,,
ORD500372,2025-07-14,SKU1018,家居,西南,52,778.44,40478.88,0.37,126,,,
ORD500373,2025-12-20,SKU1028,母婴,华中,40,458.91,18356.4,0.53,68,,,
ORD500374,2025-10-12,SKU1014,服饰,东北,13,528.33,6868.29,0.1,112,,,
ORD500375,2025-12-08,SKU1003,食品,华北,15,82.24,1233.6,0.16,59,,,
ORD500376,2025-12-31,SKU1031,母婴,华南,16,434.03,6944.48,0.43,153,,,
ORD500377,2025-12-16,SKU1004,服饰,华南,6,692.95,4157.7,0.14,25,,,
ORD500378,2025-12-22,SKU1020,美妆,华南,53,529.38,28057.14,0.61,135,,,
ORD500379,2025-08-28,SKU1014,服饰,华南,38,198.34,7536.92,0.1,125,,,
ORD500380,2025-07-20,SKU1019,数码,华南,59,216.7,12785.3,0.34,77,,,
ORD500381,2025-08-14,SKU1005,美妆,华东,7,528.14,3696.98,0.36,113,,,
ORD500382,2025-11-29,SKU1007,母婴,华东,39,602.83,23510.37,0.54,149,,,
ORD500383,2025-09-12,SKU1021,数码,华北,28,172.7,4835.6,0.1,85,,,
ORD500384,2025-10-28,SKU1003,食品,西南,18,480.02,8640.36,0.08,59,毛利异常,采购-赵,45
ORD500385,2025-09-06,SKU1038,食品,西南,21,472.97,9932.37,0.58,116,,,
ORD500386,2025-08-15,SKU1037,家居,华东,44,173.46,7632.24,0.3,6,,,
ORD500387,2025-10-10,SKU1024,家居,西南,25,372.42,9310.5,0.5,122,,,
ORD500388,2025-07-27,SKU1029,服饰,东北,19,29.89,567.91,0.46,16,,,
ORD500389,2025-12-07,SKU1039,家居,华北,33,690.27,22778.91,0.46,127,,,
ORD500390,2025-12-28,SKU1031,母婴,华东,1,820.54,820.54,0.35,90,,,
ORD500391,2025-09-24,SKU1015,家居,华北,2,895.09,1790.18,0.48,79,滞销,采购-赵,64
ORD500392,2025-07-24,SKU1027,服饰,华中,40,22.94,917.6,0.44,72,,,
ORD500393,2025-09-11,SKU1016,家居,华北,27,858.3,23174.1,0.18,124,,,
ORD500394,2025-09-17,SKU1030,美妆,华北,37,88.51,3274.87,0.39,145,,,
ORD500395,2025-09-22,SKU1007,母婴,华东,13,242.88,3157.44,0.12,82,缺货,采购-赵,63
ORD500396,2025-09-28,SKU1022,家居,东北,18,159.88,2877.84,0.32,141,,,
ORD500397,2025-11-20,SKU1014,服饰,东北,30,685.19,20555.7,0.42,54,,,
ORD500398,2025-08-20,SKU1002,食品,东北,22,687.12,15116.64,0.28,162,,,
ORD500399,2025-08-06,SKU1034,家居,东北,12,656,7872,0.13,102,,,
ORD500400,2025-12-01,SKU1005,美妆,华中,2,534.7,1069.4,0.3,58,,,
ORD500401,2025-12-22,SKU1027,服饰,华东,16,373.16,5970.56,0.51,180,,,
ORD500402,2025-12-06,SKU1020,美妆,东北,26,373.19,9702.94,0.34,127,,,
ORD500403,2025-10-28,SKU1016,家居,东北,47,834.79,39235.13,0.23,16,,,
ORD500404,2025-08-10,SKU1027,服饰,华北,12,537.75,6453,0.45,27,,,
ORD500405,2025-12-10,SKU1005,美妆,华南,37,806.66,29846.42,0.33,161,,,
ORD500406,2025-10-30,SKU1036,食品,华南,29,660.04,19141.16,0.58,169,,,
ORD500407,2025-07-29,SKU1039,家居,华北,7,609.31,4265.17,0.13,74,,,
ORD500408,2025-09-13,SKU1028,母婴,华南,50,269.52,13476,0.36,82,,,
ORD500409,2025-11-04,SKU1006,食品,华北,33,157.31,5191.23,0.15,167,,,
ORD500410,2025-10-17,SKU1020,美妆,华东,2,397.65,795.3,0.06,105,,,
ORD500411,2025-11-14,SKU1011,美妆,华东,44,693.39,30509.16,0.07,148,,,
ORD500412,2025-12-02,SKU1008,数码,华东,32,431.21,13798.72,0.18,103,,,
ORD500413,2025-07-24,SKU1037,家居,华北,28,405.92,11365.76,0.48,63,,,
ORD500414,2025-08-06,SKU1000,家居,华东,17,196.44,3339.48,0.38,95,,,
ORD500415,2025-12-20,SKU1001,美妆,华中,51,486.04,24788.04,0.18,111,,,
ORD500416,2025-08-29,SKU1026,家居,华南,16,883.94,14143.04,0.42,7,缺货,采购-赵,29
ORD500417,2025-08-19,SKU1002,食品,西南,7,745.34,5217.38,0.29,179,,,
ORD500418,2025-11-05,SKU1011,美妆,华南,47,11.36,533.92,0.52,25,,,
ORD500419,2025-10-31,SKU1036,食品,华北,11,714.52,7859.72,0.52,160,,,
ORD500420,2025-10-02,SKU1023,食品,华中,24,402.72,9665.28,0.08,158,,,
ORD500421,2025-09-13,SKU1025,食品,东北,43,811,34873,0.45,145,,,
ORD500422,2025-10-28,SKU1037,家居,华北,26,822.02,21372.52,0.25,26,,,
ORD500423,2025-08-30,SKU1033,家居,东北,3,879.34,2638.02,0.11,37,滞销,运营-李,53
ORD500424,2025-11-21,SKU1022,家居,西南,1,831.49,831.49,0.3,169,,,
ORD500425,2025-10-08,SKU1007,母婴,华东,26,165.67,4307.42,0.11,115,,,
ORD500426,2025-08-09,SKU1016,家居,华中,23,606.1,13940.3,0.53,106,,,
ORD500427,2025-08-16,SKU1012,服饰,西南,53,370.09,19614.77,0.18,50,,,
ORD500428,2025-11-09,SKU1016,家居,东北,7,396.23,2773.61,0.18,153,,,
ORD500429,2025-10-21,SKU1039,家居,西南,35,691.89,24216.15,0.36,59,滞销,运营-李,27
ORD500430,2025-11-21,SKU1034,家居,西南,21,724.6,15216.6,0.28,52,,,
ORD500431,2025-12-10,SKU1006,食品,华中,16,640.19,10243.04,0.38,120,,,
ORD500432,2025-10-21,SKU1036,食品,华南,41,440.86,18075.26,0.14,152,,,
ORD500433,2025-12-10,SKU1039,家居,东北,14,791.09,11075.26,0.48,24,缺货,运营-李,72
ORD500434,2025-11-18,SKU1035,家居,东北,23,290.15,6673.45,0.59,151,,,
ORD500435,2025-09-15,SKU1035,家居,华东,41,83.94,3441.54,0.36,29,,,
ORD500436,2025-12-20,SKU1008,数码,华南,7,509.16,3564.12,0.26,39,,,
ORD500437,2025-10-17,SKU1026,家居,华中,28,896.67,25106.76,0.59,87,缺货,仓配-王,56
ORD500438,2025-10-22,SKU1024,家居,华东,49,528.9,25916.1,0.23,135,,,
ORD500439,2025-12-13,SKU1007,母婴,东北,18,268.76,4837.68,0.17,49,,,
ORD500440,2025-07-09,SKU1022,家居,华东,47,125.46,5896.62,0.15,164,,,
ORD500441,2025-10-23,SKU1010,服饰,华南,56,653.19,36578.64,0.53,102,,,
ORD500442,2025-10-24,SKU1016,家居,华南,59,751.79,44355.61,0.56,115,,,
ORD500443,2025-09-23,SKU1009,家居,华东,23,661.4,15212.2,0.33,118,,,
ORD500444,2025-08-31,SKU1010,服饰,西南,27,811.5,21910.5,0.58,119,,,
ORD500445,2025-10-10,SKU1015,家居,华东,14,876.91,12276.74,0.43,91,,,
ORD500446,2025-08-17,SKU1004,服饰,西南,48,434.98,20879.04,0.12,98,,,
ORD500447,2025-07-26,SKU1038,食品,华北,32,16.25,520,0.36,54,,,
ORD500448,2025-09-23,SKU1036,食品,华东,40,789.58,31583.2,0.13,149,,,
ORD500449,2025-11-20,SKU1016,家居,华南,4,325.13,1300.52,0.49,80,,,
ORD500450,2025-12-28,SKU1025,食品,华北,60,184.57,11074.2,0.39,166,,,
ORD500451,2025-07-23,SKU1000,家居,华东,47,419,19693,0.26,174,,,
ORD500452,2025-09-22,SKU1003,食品,华南,23,81.41,1872.43,0.15,106,,,
ORD500453,2025-09-21,SKU1002,食品,华中,45,408.26,18371.7,0.27,107,,,
ORD500454,2025-10-03,SKU1007,母婴,东北,27,359.43,9704.61,0.3,163,,,
ORD500455,2025-11-20,SKU1000,家居,华南,49,802.11,39303.39,0.34,91,毛利异常,采购-赵,11
ORD500456,2025-09-06,SKU1021,数码,华东,54,429.01,23166.54,0.22,67,,,
ORD500457,2025-11-02,SKU1017,服饰,华北,39,371.68,14495.52,0.52,76,,,
ORD500458,2025-07-05,SKU1020,美妆,华东,6,405.12,2430.72,0.11,74,毛利异常,仓配-王,19
ORD500459,2025-08-09,SKU1018,家居,华东,17,582.29,9898.93,0.25,42,,,
ORD500460,2025-12-30,SKU1027,服饰,华中,45,382.14,17196.3,0.58,140,,,
ORD500461,2025-07-29,SKU1031,母婴,华东,4,86.73,346.92,0.45,108,,,
ORD500462,2025-11-29,SKU1005,美妆,东北,15,876.57,13148.55,0.53,104,毛利异常,运营-李,12
ORD500463,2025-11-12,SKU1009,家居,华北,25,277.55,6938.75,0.35,179,滞销,采购-赵,41
ORD500464,2025-07-19,SKU1026,家居,华中,55,467.84,25731.2,0.33,53,,,
ORD500465,2025-10-01,SKU1020,美妆,西南,21,276.32,5802.72,0.09,15,,,
ORD500466,2025-12-16,SKU1006,食品,西南,60,139.71,8382.6,0.17,127,缺货,采购-赵,48
ORD500467,2025-10-13,SKU1012,服饰,华中,16,436.72,6987.52,0.28,169,,,
ORD500468,2025-10-30,SKU1016,家居,西南,2,50.1,100.2,0.08,102,退货激增,采购-赵,49
ORD500469,2025-07-07,SKU1014,服饰,华南,56,657.69,36830.64,0.29,45,,,
ORD500470,2025-12-02,SKU1000,家居,华南,22,107.68,2368.96,0.22,106,,,
ORD500471,2025-09-25,SKU1018,家居,西南,48,658.43,31604.64,0.36,117,,,
ORD500472,2025-07-21,SKU1038,食品,东北,51,192.02,9793.02,0.22,64,,,
ORD500473,2025-07-26,SKU1020,美妆,华南,18,794.23,14296.14,0.49,20,,,
ORD500474,2025-12-18,SKU1014,服饰,华南,34,571.39,19427.26,0.14,66,,,
ORD500475,2025-10-22,SKU1024,家居,华北,13,95.11,1236.43,0.3,18,,,
ORD500476,2025-08-02,SKU1036,食品,华北,46,719.1,33078.6,0.5,70,,,
ORD500477,2025-11-04,SKU1006,食品,华东,41,624.74,25614.34,0.61,162,,,
ORD500478,2025-09-14,SKU1009,家居,华中,21,33.48,703.08,0.53,166,,,
ORD500479,2025-09-20,SKU1014,服饰,西南,55,115.91,6375.05,0.43,6,滞销,运营-李,19
ORD500480,2025-12-02,SKU1005,美妆,华东,53,411.45,21806.85,0.58,80,滞销,运营-李,48
ORD500481,2025-10-30,SKU1007,母婴,华东,45,742.38,33407.1,0.31,52,缺货,运营-李,13
ORD500482,2025-12-13,SKU1038,食品,华中,15,732.75,10991.25,0.19,131,,,
ORD500483,2025-10-28,SKU1004,服饰,东北,9,759.88,6838.92,0.48,131,,,
ORD500484,2025-12-31,SKU1003,食品,华中,37,672.26,24873.62,0.41,14,,,
ORD500485,2025-08-01,SKU1022,家居,华中,18,867.39,15613.02,0.55,63,,,
ORD500486,2025-07-28,SKU1006,食品,东北,47,696.88,32753.36,0.54,108,,,
ORD500487,2025-12-24,SKU1036,食品,华东,9,130.44,1173.96,0.19,76,,,
ORD500488,2025-09-03,SKU1026,家居,东北,29,33.49,971.21,0.58,20,缺货,仓配-王,9
ORD500489,2025-11-02,SKU1013,母婴,华东,57,399.34,22762.38,0.3,44,,,
ORD500490,2025-07-10,SKU1015,家居,华中,38,830.75,31568.5,0.52,151,缺货,采购-赵,71
ORD500491,2025-09-28,SKU1010,服饰,西南,52,583.54,30344.08,0.09,34,,,
ORD500492,2025-12-09,SKU1015,家居,西南,54,572.08,30892.32,0.09,79,,,
ORD500493,2025-10-28,SKU1029,服饰,西南,5,734.09,3670.45,0.12,80,,,
ORD500494,2025-09-17,SKU1022,家居,东北,22,435.87,9589.14,0.57,132,,,
ORD500495,2025-10-28,SKU1006,食品,东北,17,683.71,11623.07,0.08,163,,,
ORD500496,2025-11-22,SKU1012,服饰,华南,57,879.38,50124.66,0.38,32,,,
ORD500497,2025-11-18,SKU1031,母婴,西南,52,91.74,4770.48,0.6,180,,,
ORD500498,2025-10-21,SKU1037,家居,华北,9,586.73,5280.57,0.55,11,,,
ORD500499,2025-10-24,SKU1031,母婴,华中,59,743.25,43851.75,0.48,127,,,
ORD500500,2025-08-08,SKU1003,食品,西南,5,527.87,2639.35,0.1,44,,,
ORD500501,2025-11-07,SKU1000,家居,华中,28,386.46,10820.88,0.58,11,,,
ORD500502,2025-08-08,SKU1025,食品,华中,43,822.95,35386.85,0.08,126,,,
ORD500503,2025-07-24,SKU1033,家居,西南,47,721.61,33915.67,0.1,48,,,
ORD500504,2025-09-03,SKU1018,家居,华北,43,443.38,19065.34,0.59,136,,,
ORD500505,2025-12-28,SKU1035,家居,华东,19,851.89,16185.91,0.26,135,,,
ORD500506,2025-07-27,SKU1011,美妆,华南,58,225.9,13102.2,0.09,85,缺货,运营-李,55
ORD500507,2025-09-26,SKU1000,家居,东北,9,783.17,7048.53,0.16,61,毛利异常,采购-赵,61
ORD500508,2025-08-12,SKU1036,食品,华南,48,841.5,40392,0.59,129,,,
ORD500509,2025-11-02,SKU1020,美妆,西南,24,841.09,20186.16,0.36,94,滞销,运营-李,54
ORD500510,2025-12-09,SKU1003,食品,西南,2,486.04,972.08,0.25,95,,,
ORD500511,2025-11-08,SKU1024,家居,西南,13,617.43,8026.59,0.14,65,,,
ORD500512,2025-08-31,SKU1025,食品,东北,57,352.66,20101.62,0.18,37,,,
ORD500513,2025-07-17,SKU1005,美妆,华中,54,634.9,34284.6,0.15,45,,,
ORD500514,2025-10-14,SKU1013,母婴,华北,46,106.76,4910.96,0.57,87,,,
ORD500515,2025-07-08,SKU1003,食品,西南,55,849.76,46736.8,0.17,164,,,
ORD500516,2025-12-22,SKU1032,食品,西南,24,447.72,10745.28,0.57,150,,,
ORD500517,2025-11-06,SKU1019,数码,华南,16,757.39,12118.24,0.48,12,,,
ORD500518,2025-09-21,SKU1033,家居,华北,39,646.62,25218.18,0.32,175,,,
ORD500519,2025-07-26,SKU1010,服饰,华南,50,486.7,24335,0.24,45,,,
ORD500520,2025-07-27,SKU1028,母婴,华南,36,525.62,18922.32,0.36,119,,,
ORD500521,2025-11-28,SKU1000,家居,华东,26,695.59,18085.34,0.62,76,缺货,仓配-王,41
ORD500522,2025-08-05,SKU1026,家居,华北,41,859.13,35224.33,0.19,155,,,
ORD500523,2025-10-04,SKU1007,母婴,华北,22,742.74,16340.28,0.48,26,,,
ORD500524,2025-12-30,SKU1002,食品,华东,18,839.78,15116.04,0.13,159,,,
ORD500525,2025-09-07,SKU1018,家居,西南,20,54.18,1083.6,0.39,75,毛利异常,运营-李,71
ORD500526,2025-11-20,SKU1019,数码,东北,47,615.73,28939.31,0.32,61,缺货,采购-赵,48
ORD500527,2025-10-15,SKU1008,数码,华北,49,176.62,8654.38,0.19,100,,,
ORD500528,2025-07-23,SKU1010,服饰,东北,51,12.54,639.54,0.19,152,,,
ORD500529,2025-12-26,SKU1038,食品,华南,49,838.77,41099.73,0.21,141,,,
ORD500530,2025-11-28,SKU1031,母婴,东北,14,830.87,11632.18,0.5,77,,,
ORD500531,2025-10-19,SKU1003,食品,西南,10,723.76,7237.6,0.46,44,,,
ORD500532,2025-12-15,SKU1026,家居,华南,44,743.62,32719.28,0.35,157,,,
ORD500533,2025-10-04,SKU1010,服饰,华东,21,377.53,7928.13,0.26,82,,,
ORD500534,2025-11-23,SKU1022,家居,华南,9,124.55,1120.95,0.25,37,退货激增,采购-赵,18
ORD500535,2025-11-29,SKU1013,母婴,华东,54,318.49,17198.46,0.21,174,,,
ORD500536,2026-01-01,SKU1023,食品,华南,44,168.91,7432.04,0.1,52,缺货,仓配-王,38
ORD500537,2025-10-26,SKU1030,美妆,东北,27,67.77,1829.79,0.34,32,,,
ORD500538,2025-07-22,SKU1032,食品,东北,41,546.69,22414.29,0.19,139,,,
ORD500539,2025-12-26,SKU1020,美妆,华东,30,407.79,12233.7,0.55,125,,,
ORD500540,2025-10-01,SKU1033,家居,华中,24,34.7,832.8,0.49,174,滞销,采购-赵,49
ORD500541,2025-08-25,SKU1001,美妆,西南,52,12.92,671.84,0.57,62,滞销,采购-赵,44
ORD500542,2025-11-16,SKU1022,家居,华北,13,876.87,11399.31,0.37,119,,,
ORD500543,2025-11-21,SKU1009,家居,西南,26,177.73,4620.98,0.16,39,,,
ORD500544,2025-10-06,SKU1022,家居,西南,4,549.4,2197.6,0.23,86,,,
ORD500545,2025-07-27,SKU1005,美妆,华北,23,214.86,4941.78,0.49,79,,,
ORD500546,2025-10-22,SKU1018,家居,华中,1,183.68,183.68,0.19,83,退货激增,采购-赵,46
ORD500547,2025-08-07,SKU1017,服饰,华东,7,360.87,2526.09,0.58,47,缺货,运营-李,7
ORD500548,2025-08-25,SKU1013,母婴,华中,18,466.52,8397.36,0.49,141,,,
ORD500549,2025-09-25,SKU1026,家居,东北,7,252.76,1769.32,0.17,83,,,
ORD500550,2025-08-23,SKU1009,家居,华东,20,470.72,9414.4,0.26,2,,,
ORD500551,2025-12-21,SKU1009,家居,华东,29,234.46,6799.34,0.6,135,,,
ORD500552,2025-08-11,SKU1008,数码,西南,42,242.09,10167.78,0.13,141,,,
ORD500553,2025-10-20,SKU1006,食品,华北,58,391.38,22700.04,0.27,106,,,
ORD500554,2025-12-11,SKU1004,服饰,华中,46,781.83,35964.18,0.49,130,,,
ORD500555,2025-12-16,SKU1013,母婴,华中,33,588.59,19423.47,0.45,27,,,
ORD500556,2025-10-28,SKU1015,家居,东北,36,702.77,25299.72,0.18,62,退货激增,运营-李,52
ORD500557,2025-10-07,SKU1014,服饰,西南,39,596.8,23275.2,0.39,76,毛利异常,运营-李,67
ORD500558,2025-09-26,SKU1021,数码,华北,60,426.89,25613.4,0.31,81,,,
ORD500559,2025-12-21,SKU1003,食品,华北,59,626.17,36944.03,0.37,139,,,
ORD500560,2025-10-15,SKU1024,家居,西南,28,570.61,15977.08,0.41,117,,,
ORD500561,2025-12-20,SKU1018,家居,华南,6,738.19,4429.14,0.15,142,,,
ORD500562,2025-10-03,SKU1011,美妆,东北,31,143.69,4454.39,0.51,151,,,
ORD500563,2025-09-18,SKU1014,服饰,西南,14,653.59,9150.26,0.38,23,毛利异常,仓配-王,51
ORD500564,2025-12-05,SKU1014,服饰,东北,31,364.28,11292.68,0.54,167,,,
ORD500565,2025-12-24,SKU1037,家居,华南,10,766.34,7663.4,0.26,57,毛利异常,运营-李,66
ORD500566,2025-07-30,SKU1036,食品,西南,41,401.54,16463.14,0.3,144,毛利异常,仓配-王,19
ORD500567,2025-12-29,SKU1027,服饰,华北,37,798.32,29537.84,0.29,92,毛利异常,仓配-王,32
ORD500568,2025-10-26,SKU1018,家居,华中,32,864.34,27658.88,0.43,171,缺货,运营-李,31
ORD500569,2025-12-27,SKU1002,食品,西南,28,345.33,9669.24,0.37,25,,,
ORD500570,2025-08-18,SKU1009,家居,华中,17,478.48,8134.16,0.56,31,,,
ORD500571,2025-09-07,SKU1028,母婴,华中,53,345.91,18333.23,0.52,177,,,
ORD500572,2025-07-18,SKU1032,食品,华北,13,496.39,6453.07,0.15,148,,,
ORD500573,2025-12-23,SKU1024,家居,华东,39,841.12,32803.68,0.62,116,,,
ORD500574,2025-08-17,SKU1018,家居,华南,21,431.52,9061.92,0.6,176,,,
ORD500575,2025-11-01,SKU1003,食品,华东,36,278.69,10032.84,0.38,109,,,
ORD500576,2025-07-29,SKU1021,数码,华中,6,70.89,425.34,0.59,73,,,
ORD500577,2025-08-01,SKU1029,服饰,华北,52,59.19,3077.88,0.07,53,,,
ORD500578,2025-12-24,SKU1005,美妆,华南,42,822.08,34527.36,0.38,47,,,
ORD500579,2025-10-24,SKU1027,服饰,华东,40,631.29,25251.6,0.42,152,,,
ORD500580,2025-12-20,SKU1010,服饰,东北,51,352.86,17995.86,0.22,35,,,
ORD500581,2025-07-13,SKU1008,数码,华北,27,848,22896,0.43,83,,,
ORD500582,2025-07-29,SKU1026,家居,华北,52,154.63,8040.76,0.08,25,,,
ORD500583,2025-11-18,SKU1036,食品,东北,54,697.45,37662.3,0.35,66,退货激增,采购-赵,8
ORD500584,2025-07-26,SKU1021,数码,华北,50,388.51,19425.5,0.41,166,,,
ORD500585,2025-07-16,SKU1016,家居,东北,10,200.47,2004.7,0.58,26,滞销,仓配-王,59
ORD500586,2025-09-29,SKU1035,家居,华东,1,335.74,335.74,0.44,131,,,
ORD500587,2025-11-13,SKU1029,服饰,华中,15,610.34,9155.1,0.13,97,,,
ORD500588,2025-12-02,SKU1036,食品,华中,41,95.48,3914.68,0.44,42,,,
ORD500589,2025-07-20,SKU1026,家居,西南,2,311.47,622.94,0.33,113,,,
ORD500590,2025-11-21,SKU1021,数码,华北,53,144.74,7671.22,0.53,180,,,
ORD500591,2025-09-23,SKU1005,美妆,华南,24,89.54,2148.96,0.31,118,退货激增,采购-赵,35
ORD500592,2025-10-14,SKU1001,美妆,华中,7,290.5,2033.5,0.11,145,,,
ORD500593,2025-10-18,SKU1035,家居,华中,1,496.22,496.22,0.13,22,缺货,采购-赵,34
ORD500594,2025-09-26,SKU1027,服饰,西南,49,710.81,34829.69,0.41,120,,,
ORD500595,2025-10-25,SKU1001,美妆,西南,56,549.06,30747.36,0.37,30,,,
ORD500596,2025-09-20,SKU1026,家居,华北,28,792.54,22191.12,0.6,176,,,
ORD500597,2025-11-25,SKU1016,家居,华东,5,595.8,2979,0.06,28,,,
ORD500598,2025-08-01,SKU1024,家居,东北,17,449.06,7634.02,0.57,89,滞销,采购-赵,36
ORD500599,2025-08-19,SKU1036,食品,华东,17,456.5,7760.5,0.37,138,,,
ORD500600,2025-07-31,SKU1002,食品,华东,34,710.18,24146.12,0.37,99,退货激增,运营-李,6
ORD500601,2025-11-21,SKU1002,食品,华东,29,551.65,15997.85,0.39,141,滞销,仓配-王,55
ORD500602,2025-09-24,SKU1000,家居,华北,6,482.42,2894.52,0.35,87,,,
ORD500603,2025-09-28,SKU1005,美妆,华北,44,752.8,33123.2,0.41,74,,,
ORD500604,2025-12-12,SKU1023,食品,西南,13,884.57,11499.41,0.24,46,滞销,采购-赵,4
ORD500605,2025-07-05,SKU1026,家居,华南,48,28.67,1376.16,0.51,132,滞销,仓配-王,44
ORD500606,2025-07-14,SKU1032,食品,东北,51,763.43,38934.93,0.14,83,毛利异常,运营-李,26
ORD500607,2025-11-07,SKU1018,家居,华东,39,171.98,6707.22,0.4,134,,,
ORD500608,2025-08-21,SKU1022,家居,华东,36,347.92,12525.12,0.2,4,,,
ORD500609,2025-11-16,SKU1022,家居,东北,5,444.25,2221.25,0.29,107,,,
ORD500610,2025-11-04,SKU1025,食品,华南,13,855.41,11120.33,0.1,167,,,
ORD500611,2025-07-09,SKU1025,食品,华东,58,881.4,51121.2,0.17,123,,,
ORD500612,2025-11-10,SKU1036,食品,华南,45,394.66,17759.7,0.31,127,,,
ORD500613,2025-10-17,SKU1011,美妆,西南,9,43.17,388.53,0.15,124,,,
ORD500614,2025-07-08,SKU1014,服饰,西南,15,118.57,1778.55,0.26,16,,,
ORD500615,2025-11-21,SKU1003,食品,华中,11,200.59,2206.49,0.48,143,,,
ORD500616,2025-11-18,SKU1026,家居,西南,26,350.52,9113.52,0.53,165,,,
ORD500617,2025-07-10,SKU1003,食品,东北,41,450.16,18456.56,0.39,69,,,
ORD500618,2025-07-28,SKU1002,食品,西南,23,489.18,11251.14,0.18,92,毛利异常,运营-李,33
ORD500619,2025-08-15,SKU1004,服饰,西南,15,545.13,8176.95,0.57,150,退货激增,仓配-王,62
ORD500620,2025-10-16,SKU1024,家居,华南,40,228.52,9140.8,0.35,9,,,
ORD500621,2025-12-30,SKU1037,家居,西南,45,398.65,17939.25,0.4,170,,,
ORD500622,2025-08-16,SKU1000,家居,东北,3,393.26,1179.78,0.13,6,,,
ORD500623,2025-08-21,SKU1032,食品,华东,36,616.38,22189.68,0.33,143,,,
ORD500624,2025-09-17,SKU1028,母婴,华北,48,631.17,30296.16,0.38,144,,,
ORD500625,2025-09-26,SKU1008,数码,东北,55,454.37,24990.35,0.55,78,,,
ORD500626,2025-08-03,SKU1020,美妆,东北,48,66.52,3192.96,0.34,114,,,
ORD500627,2025-12-22,SKU1028,母婴,华北,11,313.91,3453.01,0.49,130,,,
ORD500628,2025-10-04,SKU1004,服饰,华东,50,758.78,37939,0.18,144,毛利异常,仓配-王,39
ORD500629,2025-12-09,SKU1025,食品,华北,55,798.99,43944.45,0.26,18,退货激增,运营-李,42
ORD500630,2025-07-24,SKU1000,家居,华中,40,898.9,35956,0.21,147,,,
ORD500631,2025-12-26,SKU1024,家居,华南,3,728.63,2185.89,0.08,115,,,
ORD500632,2025-08-29,SKU1029,服饰,华中,19,647.7,12306.3,0.4,82,,,
ORD500633,2025-09-17,SKU1031,母婴,华南,11,520.26,5722.86,0.55,38,,,
ORD500634,2025-10-09,SKU1003,食品,华中,19,680.07,12921.33,0.19,64,,,
ORD500635,2025-07-19,SKU1019,数码,华北,21,502.18,10545.78,0.27,8,毛利异常,运营-李,41
ORD500636,2025-10-26,SKU1029,服饰,西南,17,40.69,691.73,0.19,44,,,
ORD500637,2025-10-28,SKU1037,家居,华北,7,540.31,3782.17,0.05,100,滞销,运营-李,48
ORD500638,2025-10-05,SKU1003,食品,华东,14,729.06,10206.84,0.52,91,,,
ORD500639,2025-09-24,SKU1019,数码,华东,13,32.9,427.7,0.17,13,缺货,采购-赵,15
ORD500640,2025-07-06,SKU1008,数码,华北,2,435.84,871.68,0.28,171,,,
ORD500641,2025-08-23,SKU1029,服饰,华北,52,808.1,42021.2,0.51,163,,,
ORD500642,2025-09-07,SKU1009,家居,华北,12,848.38,10180.56,0.55,91,,,
ORD500643,2025-09-21,SKU1036,食品,西南,47,65.55,3080.85,0.3,179,,,
ORD500644,2025-11-09,SKU1031,母婴,华南,30,874.84,26245.2,0.33,27,,,
ORD500645,2025-11-17,SKU1012,服饰,华北,52,440.19,22889.88,0.24,76,,,
ORD500646,2025-11-18,SKU1021,数码,华南,42,298.58,12540.36,0.34,9,,,
ORD500647,2025-12-30,SKU1037,家居,华中,4,183.92,735.68,0.38,64,,,
ORD500648,2025-08-01,SKU1007,母婴,华南,41,679.32,27852.12,0.49,49,,,
ORD500649,2025-12-15,SKU1001,美妆,西南,46,589.5,27117,0.14,125,,,
ORD500650,2025-10-26,SKU1010,服饰,东北,35,495.08,17327.8,0.18,97,,,
ORD500651,2025-08-07,SKU1008,数码,华南,23,445.84,10254.32,0.2,22,滞销,采购-赵,27
ORD500652,2025-11-26,SKU1030,美妆,华东,57,93.07,5304.99,0.05,52,退货激增,运营-李,45
ORD500653,2025-09-12,SKU1023,食品,东北,5,473.06,2365.3,0.18,37,,,
ORD500654,2025-07-07,SKU1027,服饰,华北,51,466.87,23810.37,0.56,172,,,
ORD500655,2025-12-26,SKU1004,服饰,华中,54,72.68,3924.72,0.19,163,,,
ORD500656,2025-11-09,SKU1026,家居,华北,7,577.43,4042.01,0.28,111,,,
ORD500657,2025-07-15,SKU1039,家居,华北,9,603.01,5427.09,0.49,144,,,
ORD500658,2025-09-01,SKU1025,食品,西南,37,587.29,21729.73,0.1,105,,,
ORD500659,2025-09-05,SKU1029,服饰,华中,54,166.47,8989.38,0.06,119,,,
ORD500660,2025-09-07,SKU1037,家居,东北,19,271.63,5160.97,0.38,105,毛利异常,仓配-王,59
ORD500661,2025-07-12,SKU1019,数码,华北,26,66.19,1720.94,0.38,102,,,
ORD500662,2025-07-30,SKU1016,家居,华东,50,704.24,35212,0.1,87,,,
ORD500663,2025-09-19,SKU1014,服饰,华北,7,269.71,1887.97,0.49,123,,,
ORD500664,2025-09-29,SKU1015,家居,华北,21,785.02,16485.42,0.42,32,,,
ORD500665,2025-09-30,SKU1005,美妆,东北,42,602.68,25312.56,0.55,17,,,
ORD500666,2025-10-09,SKU1022,家居,华北,22,458.01,10076.22,0.14,180,,,
ORD500667,2025-12-25,SKU1018,家居,东北,51,856.88,43700.88,0.25,18,,,
ORD500668,2025-07-24,SKU1007,母婴,华东,19,314.16,5969.04,0.47,5,,,
ORD500669,2025-12-08,SKU1011,美妆,华东,42,570.08,23943.36,0.43,90,,,
ORD500670,2025-09-29,SKU1016,家居,华东,31,488.55,15145.05,0.62,111,,,
ORD500671,2025-11-05,SKU1004,服饰,华南,7,886.83,6207.81,0.05,113,,,
ORD500672,2025-10-04,SKU1001,美妆,华北,6,95.05,570.3,0.57,9,,,
ORD500673,2025-07-19,SKU1024,家居,西南,31,274.91,8522.21,0.51,53,,,
ORD500674,2025-12-13,SKU1024,家居,西南,38,161.93,6153.34,0.38,108,,,
ORD500675,2025-10-13,SKU1014,服饰,华南,57,27.1,1544.7,0.27,117,,,
ORD500676,2025-09-01,SKU1034,家居,西南,32,749.08,23970.56,0.59,130,缺货,仓配-王,16
ORD500677,2025-11-16,SKU1036,食品,华东,30,555.76,16672.8,0.49,162,,,
ORD500678,2025-12-04,SKU1030,美妆,华中,14,730.47,10226.58,0.24,149,,,
ORD500679,2025-07-11,SKU1025,食品,西南,54,171.76,9275.04,0.28,41,,,
ORD500680,2025-11-19,SKU1019,数码,华东,50,508.47,25423.5,0.13,59,,,
ORD500681,2025-09-20,SKU1034,家居,华中,59,573.82,33855.38,0.31,64,,,
ORD500682,2025-09-14,SKU1028,母婴,华北,34,182.31,6198.54,0.46,92,滞销,运营-李,14
ORD500683,2025-09-09,SKU1018,家居,西南,45,477.28,21477.6,0.53,119,,,
ORD500684,2025-12-28,SKU1014,服饰,东北,39,860.32,33552.48,0.5,32,,,
ORD500685,2025-12-02,SKU1018,家居,华中,57,605.53,34515.21,0.3,131,毛利异常,采购-赵,66
ORD500686,2025-10-19,SKU1019,数码,华北,5,656.27,3281.35,0.08,116,,,
ORD500687,2025-12-10,SKU1038,食品,东北,6,888.54,5331.24,0.15,164,,,
ORD500688,2025-10-05,SKU1030,美妆,华北,32,636.46,20366.72,0.42,164,,,
ORD500689,2025-11-11,SKU1008,数码,华中,35,179.33,6276.55,0.15,73,,,
ORD500690,2025-11-09,SKU1015,家居,西南,9,855.74,7701.66,0.48,125,,,
ORD500691,2025-09-22,SKU1036,食品,华北,58,268.97,15600.26,0.2,77,,,
ORD500692,2025-10-02,SKU1008,数码,西南,32,143.77,4600.64,0.19,119,,,
ORD500693,2025-11-11,SKU1021,数码,华北,27,510.6,13786.2,0.31,40,,,
ORD500694,2025-08-06,SKU1018,家居,东北,24,875.57,21013.68,0.52,60,缺货,采购-赵,58
ORD500695,2025-11-17,SKU1004,服饰,西南,54,781.91,42223.14,0.2,70,,,
ORD500696,2025-07-31,SKU1038,食品,华中,43,192.4,8273.2,0.35,139,,,
ORD500697,2025-10-12,SKU1035,家居,西南,18,401.67,7230.06,0.6,22,,,
ORD500698,2025-12-04,SKU1020,美妆,华东,32,255.33,8170.56,0.32,161,,,
ORD500699,2025-08-19,SKU1008,数码,西南,5,435.76,2178.8,0.08,81,,,
ORD500700,2025-07-09,SKU1033,家居,西南,19,284.4,5403.6,0.46,163,,,
ORD500701,2025-10-07,SKU1017,服饰,东北,10,218.67,2186.7,0.09,129,毛利异常,运营-李,57
ORD500702,2025-07-07,SKU1009,家居,东北,5,372.34,1861.7,0.34,12,,,
ORD500703,2025-08-22,SKU1033,家居,西南,35,307.47,10761.45,0.15,24,,,
ORD500704,2025-08-19,SKU1038,食品,华北,56,758.05,42450.8,0.47,154,,,
ORD500705,2025-10-04,SKU1011,美妆,华南,5,893.25,4466.25,0.19,167,,,
ORD500706,2025-12-16,SKU1030,美妆,华南,58,480.74,27882.92,0.09,66,,,
ORD500707,2025-12-02,SKU1038,食品,华中,1,416.46,416.46,0.44,177,毛利异常,运营-李,25
ORD500708,2025-11-06,SKU1005,美妆,华中,28,831.98,23295.44,0.38,108,,,
ORD500709,2025-11-15,SKU1029,服饰,华中,39,589.52,22991.28,0.54,58,,,
ORD500710,2025-07-19,SKU1032,食品,华南,3,240.83,722.49,0.57,178,,,
ORD500711,2025-10-14,SKU1037,家居,西南,41,128.74,5278.34,0.45,26,,,
ORD500712,2025-07-20,SKU1037,家居,东北,13,855.48,11121.24,0.11,57,退货激增,运营-李,48
ORD500713,2025-12-26,SKU1038,食品,华中,28,309.73,8672.44,0.06,45,,,
ORD500714,2025-11-21,SKU1016,家居,东北,4,513.63,2054.52,0.28,1,,,
ORD500715,2025-10-01,SKU1031,母婴,西南,40,677.6,27104,0.2,35,,,
ORD500716,2025-08-03,SKU1039,家居,华东,11,645.79,7103.69,0.1,123,缺货,运营-李,35
ORD500717,2025-11-25,SKU1019,数码,西南,30,308.87,9266.1,0.42,169,,,
ORD500718,2025-08-16,SKU1015,家居,华南,28,220.16,6164.48,0.05,102,,,
ORD500719,2025-08-03,SKU1001,美妆,华东,2,46.84,93.68,0.36,154,,,
ORD500720,2025-10-14,SKU1024,家居,东北,52,339.54,17656.08,0.6,70,,,
ORD500721,2025-10-02,SKU1018,家居,华中,54,630.29,34035.66,0.08,171,,,
ORD500722,2025-11-12,SKU1006,食品,华北,5,133.67,668.35,0.14,155,退货激增,运营-李,35
ORD500723,2025-09-22,SKU1029,服饰,东北,44,661.31,29097.64,0.05,133,,,
ORD500724,2025-08-06,SKU1036,食品,华中,28,349.11,9775.08,0.14,64,,,
ORD500725,2025-08-01,SKU1018,家居,华中,53,891.65,47257.45,0.29,33,,,
ORD500726,2025-08-19,SKU1024,家居,华东,15,122.53,1837.95,0.21,69,,,
ORD500727,2025-11-05,SKU1016,家居,华东,57,326.09,18587.13,0.6,169,,,
ORD500728,2025-12-05,SKU1030,美妆,西南,40,402.15,16086,0.22,144,,,
ORD500729,2025-07-30,SKU1030,美妆,华北,28,863.54,24179.12,0.23,124,,,
ORD500730,2025-11-05,SKU1036,食品,华南,31,793.12,24586.72,0.39,54,,,
ORD500731,2025-07-13,SKU1017,服饰,华东,22,590.3,12986.6,0.38,7,,,
ORD500732,2025-08-05,SKU1003,食品,华中,12,94.07,1128.84,0.45,7,,,
ORD500733,2025-11-02,SKU1029,服饰,华南,35,789.97,27648.95,0.18,177,,,
ORD500734,2025-07-16,SKU1003,食品,华中,23,167.37,3849.51,0.26,79,,,
ORD500735,2025-08-13,SKU1028,母婴,华东,52,820.67,42674.84,0.16,59,,,
ORD500736,2025-12-11,SKU1014,服饰,华东,16,700.57,11209.12,0.25,80,退货激增,采购-赵,16
ORD500737,2025-11-27,SKU1038,食品,华东,58,616.28,35744.24,0.38,150,,,
ORD500738,2025-12-21,SKU1006,食品,华北,14,723.68,10131.52,0.06,62,,,
ORD500739,2025-10-25,SKU1003,食品,西南,54,60.48,3265.92,0.47,161,,,
ORD500740,2025-08-03,SKU1007,母婴,华南,12,342.67,4112.04,0.38,80,毛利异常,采购-赵,12
ORD500741,2025-11-04,SKU1022,家居,华中,20,637.65,12753,0.08,89,,,
ORD500742,2025-11-02,SKU1001,美妆,华北,33,526.57,17376.81,0.4,170,,,
ORD500743,2025-07-09,SKU1033,家居,华北,17,358.64,6096.88,0.37,131,,,
ORD500744,2025-07-16,SKU1025,食品,华中,48,136.61,6557.28,0.38,132,,,
ORD500745,2025-09-13,SKU1020,美妆,华北,28,712.94,19962.32,0.55,122,,,
ORD500746,2025-12-08,SKU1021,数码,华南,9,15.48,139.32,0.21,51,,,
ORD500747,2025-08-02,SKU1028,母婴,华东,10,822.11,8221.1,0.45,13,,,
ORD500748,2025-07-14,SKU1030,美妆,华中,14,77.61,1086.54,0.17,46,,,
ORD500749,2025-07-17,SKU1018,家居,华东,43,211.39,9089.77,0.29,91,,,
ORD500750,2025-10-12,SKU1033,家居,西南,41,156.42,6413.22,0.07,130,,,
ORD500751,2025-11-12,SKU1016,家居,华东,24,238.46,5723.04,0.24,30,,,
ORD500752,2025-09-06,SKU1008,数码,华东,7,129.79,908.53,0.35,64,毛利异常,采购-赵,11
ORD500753,2025-11-08,SKU1030,美妆,华南,41,287.8,11799.8,0.1,92,,,
ORD500754,2025-07-17,SKU1000,家居,华中,22,367.4,8082.8,0.13,117,,,
ORD500755,2025-12-05,SKU1015,家居,东北,46,545.01,25070.46,0.36,125,,,
ORD500756,2025-08-30,SKU1016,家居,华东,16,601.16,9618.56,0.4,3,退货激增,仓配-王,69
ORD500757,2025-07-13,SKU1009,家居,华东,52,302,15704,0.59,109,,,
ORD500758,2025-11-22,SKU1027,服饰,西南,60,782.31,46938.6,0.21,28,,,
ORD500759,2025-08-28,SKU1034,家居,华东,58,255.61,14825.38,0.15,3,滞销,仓配-王,47
ORD500760,2025-12-28,SKU1032,食品,华北,6,380.79,2284.74,0.06,113,,,
ORD500761,2025-10-29,SKU1001,美妆,华东,19,636.38,12091.22,0.21,165,滞销,运营-李,55
ORD500762,2025-10-04,SKU1033,家居,华东,59,219.56,12954.04,0.09,68,,,
ORD500763,2025-07-18,SKU1001,美妆,西南,29,598.79,17364.91,0.6,46,,,
ORD500764,2025-09-11,SKU1014,服饰,东北,9,644.26,5798.34,0.39,33,,,
ORD500765,2025-08-18,SKU1001,美妆,华北,42,730.51,30681.42,0.55,64,,,
ORD500766,2025-12-17,SKU1023,食品,西南,5,541.05,2705.25,0.62,105,,,
ORD500767,2025-08-15,SKU1009,家居,华中,39,503.69,19643.91,0.19,126,缺货,运营-李,5
ORD500768,2025-08-26,SKU1009,家居,西南,51,207.74,10594.74,0.4,143,,,
ORD500769,2025-08-19,SKU1031,母婴,东北,47,408.38,19193.86,0.06,12,,,
ORD500770,2025-12-13,SKU1011,美妆,华北,52,482.98,25114.96,0.1,119,滞销,采购-赵,41
ORD500771,2025-07-12,SKU1000,家居,华南,18,312.76,5629.68,0.32,135,,,
ORD500772,2025-08-24,SKU1035,家居,华中,55,521.14,28662.7,0.17,83,退货激增,采购-赵,50
ORD500773,2025-09-08,SKU1014,服饰,华南,32,295.89,9468.48,0.58,114,,,
ORD500774,2025-10-14,SKU1034,家居,华中,45,234.03,10531.35,0.45,146,,,
ORD500775,2025-09-16,SKU1038,食品,华中,50,337.92,16896,0.45,108,,,
ORD500776,2025-09-17,SKU1014,服饰,东北,10,463.75,4637.5,0.57,95,,,
ORD500777,2025-10-17,SKU1037,家居,华南,40,463.77,18550.8,0.44,165,退货激增,采购-赵,44
ORD500778,2025-08-21,SKU1022,家居,华南,50,425.6,21280,0.51,2,,,
ORD500779,2025-10-30,SKU1034,家居,华东,54,349.28,18861.12,0.06,31,,,
ORD500780,2025-07-30,SKU1002,食品,西南,21,272.7,5726.7,0.3,175,,,
ORD500781,2025-07-25,SKU1010,服饰,华中,48,412.28,19789.44,0.12,120,,,
ORD500782,2025-11-05,SKU1028,母婴,华南,54,540.48,29185.92,0.23,99,,,
ORD500783,2025-11-07,SKU1014,服饰,华中,41,644.19,26411.79,0.57,162,,,
ORD500784,2025-10-26,SKU1006,食品,华东,45,222.07,9993.15,0.39,147,,,
ORD500785,2025-09-11,SKU1007,母婴,华南,20,538.33,10766.6,0.28,137,,,
ORD500786,2025-07-19,SKU1004,服饰,华东,17,709.47,12060.99,0.33,61,,,
ORD500787,2025-09-02,SKU1038,食品,华东,41,756.31,31008.71,0.09,46,,,
ORD500788,2025-11-28,SKU1018,家居,华南,1,94.05,94.05,0.61,41,滞销,运营-李,39
ORD500789,2025-09-01,SKU1014,服饰,华东,43,893.83,38434.69,0.47,53,,,
ORD500790,2025-10-26,SKU1025,食品,华北,15,634.94,9524.1,0.47,10,,,
ORD500791,2025-07-21,SKU1035,家居,华北,20,323.63,6472.6,0.34,90,,,
ORD500792,2025-07-11,SKU1015,家居,东北,4,330.95,1323.8,0.35,138,,,
ORD500793,2025-10-05,SKU1011,美妆,东北,36,126.52,4554.72,0.26,136,,,
ORD500794,2025-11-21,SKU1035,家居,华中,58,187.99,10903.42,0.14,179,,,
ORD500795,2025-10-31,SKU1009,家居,华东,40,179.38,7175.2,0.11,38,,,
ORD500796,2025-09-13,SKU1014,服饰,西南,37,393.2,14548.4,0.58,131,,,
ORD500797,2025-08-08,SKU1023,食品,华东,24,334.16,8019.84,0.51,9,退货激增,运营-李,6
ORD500798,2025-10-29,SKU1017,服饰,西南,60,106.74,6404.4,0.58,69,,,
ORD500799,2025-08-17,SKU1003,食品,东北,51,153.62,7834.62,0.13,36,退货激增,采购-赵,23
ORD500800,2025-07-08,SKU1017,服饰,华中,59,464.37,27397.83,0.38,153,毛利异常,仓配-王,33
ORD500801,2025-07-31,SKU1004,服饰,东北,9,626.87,5641.83,0.19,44,,,
ORD500802,2025-09-28,SKU1000,家居,东北,26,610.53,15873.78,0.55,4,,,
ORD500803,2025-11-08,SKU1034,家居,华东,54,347.34,18756.36,0.61,120,,,
ORD500804,2025-08-21,SKU1004,服饰,华南,43,170.21,7319.03,0.22,136,,,
ORD500805,2026-01-01,SKU1033,家居,华东,15,536.32,8044.8,0.52,4,,,
ORD500806,2025-08-05,SKU1024,家居,华东,47,62.78,2950.66,0.17,136,,,
ORD500807,2025-08-11,SKU1028,母婴,华北,1,744.02,744.02,0.2,102,,,
ORD500808,2025-07-21,SKU1018,家居,华北,38,861.84,32749.92,0.55,74,,,
ORD500809,2025-09-19,SKU1012,服饰,东北,49,180.99,8868.51,0.1,100,,,
ORD500810,2025-12-26,SKU1001,美妆,西南,5,601.75,3008.75,0.19,96,,,
ORD500811,2025-09-04,SKU1019,数码,西南,17,15.6,265.2,0.1,143,退货激增,运营-李,67
ORD500812,2025-09-21,SKU1037,家居,华南,53,119.93,6356.29,0.12,25,,,
ORD500813,2025-08-15,SKU1020,美妆,西南,43,61.77,2656.11,0.51,113,,,
ORD500814,2025-09-30,SKU1000,家居,华南,37,892.01,33004.37,0.53,170,,,
ORD500815,2025-11-05,SKU1031,母婴,华东,43,255.38,10981.34,0.3,67,,,
ORD500816,2025-12-03,SKU1026,家居,华南,59,266.43,15719.37,0.25,171,,,
ORD500817,2025-09-10,SKU1007,母婴,华北,56,139.26,7798.56,0.29,62,,,
ORD500818,2025-07-16,SKU1030,美妆,华中,9,517.23,4655.07,0.23,102,,,
ORD500819,2025-10-12,SKU1036,食品,东北,5,892.87,4464.35,0.27,51,,,
ORD500820,2025-07-05,SKU1039,家居,华东,10,181.89,1818.9,0.34,111,,,
ORD500821,2025-07-30,SKU1002,食品,华南,26,482.34,12540.84,0.08,119,,,
ORD500822,2025-08-13,SKU1005,美妆,西南,17,351.82,5980.94,0.41,140,,,
ORD500823,2025-07-11,SKU1024,家居,东北,15,39.79,596.85,0.53,151,,,
ORD500824,2025-10-26,SKU1033,家居,华东,13,621.49,8079.37,0.22,165,滞销,运营-李,30
ORD500825,2025-08-14,SKU1037,家居,华东,39,667.85,26046.15,0.09,114,,,
ORD500826,2025-10-15,SKU1017,服饰,东北,50,48.8,2440,0.18,100,,,
ORD500827,2025-07-19,SKU1013,母婴,西南,16,834.52,13352.32,0.46,114,,,
ORD500828,2025-12-20,SKU1035,家居,华南,28,157.79,4418.12,0.14,106,,,
ORD500829,2025-10-09,SKU1021,数码,华南,15,586.56,8798.4,0.41,138,毛利异常,采购-赵,32
ORD500830,2025-07-09,SKU1015,家居,华中,50,781.2,39060,0.27,80,滞销,采购-赵,47
ORD500831,2025-07-21,SKU1009,家居,华南,21,502.4,10550.4,0.59,172,,,
ORD500832,2025-10-22,SKU1003,食品,华东,14,181.27,2537.78,0.27,138,,,
ORD500833,2025-10-08,SKU1002,食品,华东,31,228.44,7081.64,0.17,149,,,
ORD500834,2025-08-02,SKU1012,服饰,华东,26,705.18,18334.68,0.35,172,,,
ORD500835,2025-09-12,SKU1010,服饰,华东,11,777.03,8547.33,0.1,17,,,
ORD500836,2025-09-09,SKU1019,数码,华中,49,284.01,13916.49,0.41,107,,,
ORD500837,2025-09-01,SKU1016,家居,西南,43,751.89,32331.27,0.1,30,缺货,仓配-王,63
ORD500838,2025-07-08,SKU1000,家居,华东,20,205.71,4114.2,0.15,51,缺货,运营-李,45
ORD500839,2025-11-18,SKU1026,家居,华南,11,386.13,4247.43,0.12,124,滞销,仓配-王,30
ORD500840,2025-10-22,SKU1026,家居,华北,56,397.51,22260.56,0.14,148,,,
ORD500841,2025-10-13,SKU1037,家居,华南,28,445.46,12472.88,0.49,85,,,
ORD500842,2025-09-17,SKU1007,母婴,华东,33,114.87,3790.71,0.42,76,,,
ORD500843,2025-09-14,SKU1018,家居,华南,20,107.75,2155,0.43,132,,,
ORD500844,2025-08-12,SKU1032,食品,华南,35,333.03,11656.05,0.33,12,,,
ORD500845,2025-07-17,SKU1036,食品,华中,41,57.53,2358.73,0.32,22,,,
ORD500846,2025-10-01,SKU1033,家居,华中,6,117.86,707.16,0.56,101,,,
ORD500847,2025-07-09,SKU1009,家居,东北,57,433.37,24702.09,0.21,144,,,
ORD500848,2025-10-07,SKU1028,母婴,华中,26,577.98,15027.48,0.35,140,,,
ORD500849,2025-07-29,SKU1020,美妆,华南,28,89.86,2516.08,0.31,67,,,
ORD500850,2025-11-07,SKU1025,食品,东北,58,120.38,6982.04,0.41,3,,,
ORD500851,2025-10-02,SKU1035,家居,东北,26,518.89,13491.14,0.36,1,,,
ORD500852,2025-12-01,SKU1038,食品,华东,22,511.17,11245.74,0.11,134,,,
ORD500853,2025-12-07,SKU1022,家居,东北,48,824.68,39584.64,0.61,127,,,
ORD500854,2025-10-25,SKU1010,服饰,东北,28,587.71,16455.88,0.21,165,退货激增,运营-李,63
ORD500855,2025-11-22,SKU1007,母婴,华东,47,816.54,38377.38,0.45,84,,,
ORD500856,2025-09-20,SKU1001,美妆,华中,7,90.66,634.62,0.61,136,,,
ORD500857,2025-09-12,SKU1027,服饰,西南,40,631.54,25261.6,0.3,1,,,
ORD500858,2025-09-19,SKU1009,家居,华南,4,701.83,2807.32,0.56,40,,,
ORD500859,2025-12-29,SKU1014,服饰,华中,49,95.93,4700.57,0.23,84,,,
ORD500860,2025-12-07,SKU1033,家居,西南,56,622.89,34881.84,0.46,120,,,
ORD500861,2025-08-31,SKU1015,家居,西南,19,692.31,13153.89,0.19,65,退货激增,仓配-王,63
ORD500862,2025-12-19,SKU1006,食品,东北,14,500.51,7007.14,0.56,177,,,
ORD500863,2025-11-21,SKU1027,服饰,华北,3,585.7,1757.1,0.26,98,,,
ORD500864,2025-07-10,SKU1020,美妆,华中,32,649.15,20772.8,0.49,16,,,
ORD500865,2025-07-18,SKU1010,服饰,华南,5,460.72,2303.6,0.54,53,,,
ORD500866,2025-07-30,SKU1036,食品,华南,6,11.39,68.34,0.41,19,,,
ORD500867,2025-09-14,SKU1011,美妆,华南,38,405.91,15424.58,0.58,133,,,
ORD500868,2025-11-17,SKU1028,母婴,华东,51,360.15,18367.65,0.52,115,,,
ORD500869,2025-08-12,SKU1035,家居,华中,27,9.37,252.99,0.55,124,,,
ORD500870,2025-09-26,SKU1001,美妆,华中,51,275.64,14057.64,0.53,71,,,
ORD500871,2025-08-16,SKU1034,家居,华北,45,425.58,19151.1,0.28,105,,,
ORD500872,2025-10-27,SKU1006,食品,华南,44,248.53,10935.32,0.47,37,,,
ORD500873,2025-08-26,SKU1002,食品,西南,4,130.55,522.2,0.13,137,,,
ORD500874,2025-09-23,SKU1025,食品,华北,7,58.27,407.89,0.12,59,退货激增,仓配-王,55
ORD500875,2025-08-17,SKU1008,数码,华北,28,743.63,20821.64,0.1,58,毛利异常,采购-赵,43
ORD500876,2025-08-21,SKU1001,美妆,东北,28,108.96,3050.88,0.47,63,,,
ORD500877,2025-10-27,SKU1028,母婴,华东,39,209.89,8185.71,0.35,109,,,
ORD500878,2025-10-29,SKU1008,数码,西南,48,145.24,6971.52,0.06,12,毛利异常,仓配-王,69
ORD500879,2025-09-05,SKU1008,数码,华中,51,193.62,9874.62,0.07,102,缺货,仓配-王,13
ORD500880,2025-12-01,SKU1016,家居,华南,11,32.03,352.33,0.07,28,,,
ORD500881,2025-10-02,SKU1038,食品,华中,49,636.39,31183.11,0.25,37,,,
ORD500882,2025-10-05,SKU1018,家居,华中,56,610.12,34166.72,0.35,150,,,
ORD500883,2025-08-15,SKU1002,食品,华北,44,452.4,19905.6,0.27,150,,,
ORD500884,2025-09-29,SKU1034,家居,华北,34,602.67,20490.78,0.18,33,,,
ORD500885,2025-11-26,SKU1038,食品,华东,43,713.36,30674.48,0.31,105,缺货,仓配-王,6
ORD500886,2025-12-19,SKU1034,家居,华东,33,732.74,24180.42,0.52,58,,,
ORD500887,2025-11-20,SKU1005,美妆,西南,41,428.86,17583.26,0.48,164,,,
ORD500888,2025-11-21,SKU1030,美妆,华北,27,629.08,16985.16,0.28,164,,,
ORD500889,2025-12-07,SKU1033,家居,华东,6,225.72,1354.32,0.44,57,,,
ORD500890,2025-10-23,SKU1000,家居,西南,12,500.04,6000.48,0.21,50,,,
ORD500891,2025-09-23,SKU1023,食品,华南,39,729.87,28464.93,0.27,75,毛利异常,采购-赵,18
ORD500892,2025-11-12,SKU1011,美妆,华南,25,498.25,12456.25,0.45,28,,,
ORD500893,2025-11-20,SKU1027,服饰,华东,15,316.49,4747.35,0.22,164,,,
ORD500894,2025-11-11,SKU1009,家居,华中,35,355.96,12458.6,0.35,81,,,
ORD500895,2025-10-02,SKU1035,家居,东北,21,209.11,4391.31,0.3,97,毛利异常,仓配-王,18
ORD500896,2025-08-17,SKU1029,服饰,华中,30,121.53,3645.9,0.12,171,,,
ORD500897,2025-10-05,SKU1013,母婴,东北,22,649.73,14294.06,0.33,138,,,
ORD500898,2025-10-22,SKU1004,服饰,华东,21,584.31,12270.51,0.27,126,,,
ORD500899,2025-10-31,SKU1036,食品,华北,23,276.11,6350.53,0.26,111,,,
ORD500900,2025-12-26,SKU1002,食品,华南,57,42.12,2400.84,0.06,137,,,
ORD500901,2025-11-27,SKU1009,家居,华中,26,302.48,7864.48,0.46,75,,,
ORD500902,2025-08-13,SKU1000,家居,华东,8,725.96,5807.68,0.56,109,滞销,仓配-王,12
ORD500903,2025-12-03,SKU1006,食品,华南,7,105.18,736.26,0.49,48,,,
ORD500904,2025-10-26,SKU1033,家居,华北,36,723.44,26043.84,0.15,76,,,
ORD500905,2025-10-18,SKU1034,家居,西南,8,677.92,5423.36,0.42,51,滞销,仓配-王,60
ORD500906,2025-07-25,SKU1009,家居,华东,54,637.38,34418.52,0.47,64,,,
ORD500907,2025-08-19,SKU1014,服饰,东北,28,772.89,21640.92,0.57,142,,,
ORD500908,2025-08-01,SKU1023,食品,东北,28,157.34,4405.52,0.36,58,,,
ORD500909,2025-09-24,SKU1038,食品,华南,57,343.98,19606.86,0.12,152,,,
ORD500910,2025-07-27,SKU1030,美妆,华南,56,282.46,15817.76,0.49,139,,,
ORD500911,2025-10-18,SKU1005,美妆,西南,2,92.11,184.22,0.6,143,,,
ORD500912,2025-08-13,SKU1026,家居,华北,56,116.76,6538.56,0.12,76,,,
ORD500913,2025-11-08,SKU1019,数码,华南,53,797.88,42287.64,0.57,50,,,
ORD500914,2025-07-16,SKU1014,服饰,华东,21,576.57,12107.97,0.2,32,,,
ORD500915,2025-09-18,SKU1013,母婴,华南,29,345.27,10012.83,0.31,49,,,
ORD500916,2025-07-22,SKU1026,家居,华东,27,554.71,14977.17,0.25,60,毛利异常,运营-李,35
ORD500917,2025-11-05,SKU1033,家居,西南,11,714.8,7862.8,0.09,138,退货激增,采购-赵,58
ORD500918,2025-11-02,SKU1006,食品,华中,55,550.21,30261.55,0.54,149,,,
ORD500919,2025-07-15,SKU1009,家居,华北,34,202.34,6879.56,0.3,2,,,
ORD500920,2025-07-29,SKU1020,美妆,华北,14,372.3,5212.2,0.17,111,,,
ORD500921,2025-10-28,SKU1001,美妆,华北,20,434.71,8694.2,0.23,160,,,
ORD500922,2025-11-29,SKU1037,家居,西南,9,530.35,4773.15,0.36,12,,,
ORD500923,2025-09-09,SKU1026,家居,华中,49,761.93,37334.57,0.21,39,滞销,采购-赵,55
ORD500924,2025-12-01,SKU1026,家居,东北,49,171.07,8382.43,0.25,2,,,
ORD500925,2025-08-15,SKU1001,美妆,华中,57,228.6,13030.2,0.4,17,,,
ORD500926,2025-10-25,SKU1026,家居,华南,58,803.17,46583.86,0.3,97,,,
ORD500927,2025-11-18,SKU1031,母婴,华中,3,349.74,1049.22,0.34,125,,,
ORD500928,2025-08-18,SKU1034,家居,西南,54,49.17,2655.18,0.28,103,,,
ORD500929,2026-01-01,SKU1018,家居,西南,27,104.24,2814.48,0.42,164,,,
ORD500930,2025-10-05,SKU1035,家居,华中,4,456.15,1824.6,0.48,96,毛利异常,运营-李,52
ORD500931,2025-07-11,SKU1039,家居,东北,21,76.79,1612.59,0.52,67,,,
ORD500932,2025-07-08,SKU1032,食品,华南,60,315.12,18907.2,0.47,141,,,
ORD500933,2025-12-11,SKU1000,家居,华北,32,820.35,26251.2,0.24,69,,,
ORD500934,2025-07-24,SKU1003,食品,华南,14,242.59,3396.26,0.54,99,,,
ORD500935,2025-10-04,SKU1031,母婴,东北,10,699.06,6990.6,0.6,145,,,
ORD500936,2025-11-12,SKU1013,母婴,东北,29,771.9,22385.1,0.08,123,退货激增,仓配-王,56
ORD500937,2025-08-30,SKU1037,家居,东北,26,352.25,9158.5,0.52,173,,,
ORD500938,2025-09-21,SKU1034,家居,东北,42,453.62,19052.04,0.25,16,,,
ORD500939,2025-09-01,SKU1003,食品,华北,11,358.88,3947.68,0.16,175,缺货,运营-李,51
ORD500940,2025-12-18,SKU1014,服饰,东北,37,766.72,28368.64,0.37,177,退货激增,运营-李,50
ORD500941,2025-07-31,SKU1014,服饰,华北,52,407.56,21193.12,0.36,63,,,
ORD500942,2025-07-09,SKU1003,食品,华中,2,453.19,906.38,0.28,34,,,
ORD500943,2025-07-10,SKU1003,食品,华中,10,510.68,5106.8,0.19,103,,,
ORD500944,2025-07-19,SKU1010,服饰,华中,53,621.36,32932.08,0.59,71,缺货,运营-李,5
ORD500945,2025-08-15,SKU1011,美妆,华南,3,759.48,2278.44,0.52,3,,,
ORD500946,2025-08-14,SKU1036,食品,东北,52,11.02,573.04,0.28,46,,,
ORD500947,2025-09-10,SKU1022,家居,华中,31,754.33,23384.23,0.14,144,,,
ORD500948,2025-09-03,SKU1022,家居,华南,46,43.67,2008.82,0.56,106,,,
ORD500949,2025-12-09,SKU1027,服饰,华南,30,363.62,10908.6,0.37,83,,,
ORD500950,2025-09-30,SKU1006,食品,华东,34,92.87,3157.58,0.33,88,,,
ORD500951,2025-08-21,SKU1036,食品,西南,57,270.81,15436.17,0.4,25,,,
ORD500952,2025-10-30,SKU1002,食品,华东,42,791.51,33243.42,0.08,16,,,
ORD500953,2025-12-07,SKU1037,家居,东北,55,225.47,12400.85,0.51,39,,,
ORD500954,2025-12-30,SKU1037,家居,华南,41,553.24,22682.84,0.31,161,,,
ORD500955,2025-10-29,SKU1039,家居,西南,31,237.52,7363.12,0.56,135,滞销,仓配-王,61
ORD500956,2025-12-07,SKU1018,家居,西南,22,485.27,10675.94,0.1,118,滞销,运营-李,41
ORD500957,2025-09-21,SKU1015,家居,华中,53,442.12,23432.36,0.3,123,,,
ORD500958,2025-07-11,SKU1010,服饰,东北,12,268.58,3222.96,0.2,87,,,
ORD500959,2025-10-19,SKU1026,家居,东北,34,402.37,13680.58,0.06,53,,,
ORD500960,2025-08-12,SKU1002,食品,西南,1,503.87,503.87,0.2,113,,,
ORD500961,2025-08-16,SKU1012,服饰,东北,38,181.25,6887.5,0.36,99,,,
ORD500962,2025-09-30,SKU1017,服饰,华北,52,502.65,26137.8,0.12,153,,,
ORD500963,2025-10-18,SKU1039,家居,华南,37,770.64,28513.68,0.41,159,,,
ORD500964,2025-12-22,SKU1004,服饰,华北,34,653.2,22208.8,0.13,44,,,
ORD500965,2026-01-01,SKU1038,食品,华北,3,81.01,243.03,0.35,152,,,
ORD500966,2025-09-06,SKU1033,家居,华北,58,303.11,17580.38,0.27,17,,,
ORD500967,2025-10-10,SKU1017,服饰,东北,51,283.75,14471.25,0.06,132,毛利异常,采购-赵,25
ORD500968,2025-08-17,SKU1031,母婴,华中,46,713.43,32817.78,0.3,132,,,
ORD500969,2025-10-27,SKU1023,食品,华南,48,895.95,43005.6,0.23,137,毛利异常,采购-赵,55
ORD500970,2025-07-24,SKU1001,美妆,东北,51,131.55,6709.05,0.29,47,,,
ORD500971,2025-12-05,SKU1019,数码,东北,6,757.45,4544.7,0.41,119,退货激增,运营-李,38
ORD500972,2025-07-26,SKU1002,食品,东北,41,716.47,29375.27,0.2,179,,,
ORD500973,2025-08-25,SKU1039,家居,华南,17,260.25,4424.25,0.55,6,缺货,仓配-王,61
ORD500974,2025-10-14,SKU1003,食品,东北,34,360.82,12267.88,0.48,85,,,
ORD500975,2025-07-25,SKU1015,家居,东北,38,59.97,2278.86,0.2,155,,,
ORD500976,2025-07-31,SKU1021,数码,华北,16,495.49,7927.84,0.32,159,,,
ORD500977,2025-07-31,SKU1020,美妆,华东,34,130.52,4437.68,0.17,31,,,
ORD500978,2025-12-18,SKU1021,数码,华南,34,858.68,29195.12,0.22,10,,,
ORD500979,2025-12-17,SKU1018,家居,华中,34,182.59,6208.06,0.26,37,,,
ORD500980,2025-09-01,SKU1004,服饰,华南,55,461.39,25376.45,0.26,55,,,
ORD500981,2025-09-30,SKU1004,服饰,西南,46,383.37,17635.02,0.26,82,,,
ORD500982,2025-12-24,SKU1037,家居,华北,25,479.83,11995.75,0.51,130,,,
ORD500983,2025-11-17,SKU1033,家居,华南,23,810.83,18649.09,0.23,36,,,
ORD500984,2025-10-03,SKU1003,食品,华东,4,806.92,3227.68,0.14,95,,,
ORD500985,2025-08-29,SKU1026,家居,华南,32,105.14,3364.48,0.13,84,缺货,仓配-王,4
ORD500986,2025-11-23,SKU1014,服饰,华南,46,719.86,33113.56,0.34,34,,,
ORD500987,2025-10-25,SKU1014,服饰,华东,24,826.59,19838.16,0.6,121,,,
ORD500988,2025-09-18,SKU1003,食品,华南,50,540.71,27035.5,0.11,152,,,
ORD500989,2025-10-12,SKU1034,家居,东北,46,783.85,36057.1,0.46,112,,,
ORD500990,2025-12-21,SKU1028,母婴,西南,46,71.96,3310.16,0.41,55,,,
ORD500991,2025-10-09,SKU1000,家居,西南,17,701.85,11931.45,0.52,126,滞销,采购-赵,52
ORD500992,2025-11-19,SKU1000,家居,西南,26,846.18,22000.68,0.34,78,,,
ORD500993,2025-08-13,SKU1034,家居,东北,29,274.86,7970.94,0.59,123,毛利异常,运营-李,37
ORD500994,2025-11-15,SKU1004,服饰,华北,31,334.21,10360.51,0.47,76,,,
ORD500995,2025-08-01,SKU1028,母婴,华中,34,239.16,8131.44,0.42,51,,,
ORD500996,2025-10-05,SKU1034,家居,华北,28,714.22,19998.16,0.3,118,,,
ORD500997,2025-11-09,SKU1037,家居,西南,58,151.7,8798.6,0.22,9,,,
ORD500998,2025-08-08,SKU1038,食品,华南,12,108.18,1298.16,0.36,17,,,
ORD500999,2025-12-22,SKU1017,服饰,华中,21,881.44,18510.24,0.61,116,退货激增,采购-赵,69
ORD501000,2025-11-22,SKU1020,美妆,西南,19,493.21,9370.99,0.43,36,,,
ORD501001,2025-09-19,SKU1005,美妆,华北,46,755.68,34761.28,0.49,85,,,
ORD501002,2025-07-16,SKU1008,数码,华中,11,224.63,2470.93,0.58,134,,,
ORD501003,2025-12-26,SKU1002,食品,华南,2,337.94,675.88,0.21,80,,,
ORD501004,2025-09-17,SKU1016,家居,西南,53,699.86,37092.58,0.62,51,,,
ORD501005,2025-12-22,SKU1031,母婴,华中,23,248.81,5722.63,0.6,72,,,
ORD501006,2025-10-16,SKU1008,数码,西南,2,190.95,381.9,0.32,117,,,
ORD501007,2025-11-28,SKU1019,数码,华中,6,160.25,961.5,0.27,175,,,
ORD501008,2025-08-22,SKU1008,数码,华北,60,181.6,10896,0.24,132,,,
ORD501009,2025-09-02,SKU1037,家居,华中,9,706.22,6355.98,0.47,69,毛利异常,运营-李,34
ORD501010,2025-07-16,SKU1016,家居,华北,46,755.76,34764.96,0.55,24,,,
ORD501011,2025-09-11,SKU1008,数码,华中,47,269.13,12649.11,0.59,89,,,
ORD501012,2025-08-05,SKU1034,家居,华南,11,208.86,2297.46,0.13,107,,,
ORD501013,2025-11-16,SKU1004,服饰,华南,35,838.23,29338.05,0.62,150,,,
ORD501014,2025-10-31,SKU1006,食品,华南,44,129.26,5687.44,0.48,127,,,
ORD501015,2025-11-23,SKU1038,食品,华南,34,469.02,15946.68,0.48,57,,,
ORD501016,2025-07-17,SKU1005,美妆,东北,38,190.21,7227.98,0.09,23,,,
ORD501017,2025-11-03,SKU1028,母婴,华东,26,567.46,14753.96,0.39,43,,,
ORD501018,2025-08-21,SKU1027,服饰,东北,26,761.89,19809.14,0.12,179,,,
ORD501019,2025-12-06,SKU1008,数码,华南,50,394.39,19719.5,0.33,51,,,
ORD501020,2025-07-28,SKU1023,食品,西南,1,580.27,580.27,0.59,168,毛利异常,仓配-王,64
ORD501021,2025-12-20,SKU1021,数码,西南,23,630.63,14504.49,0.6,99,,,
ORD501022,2025-11-29,SKU1033,家居,西南,12,309.74,3716.88,0.33,120,毛利异常,仓配-王,66
ORD501023,2025-11-11,SKU1024,家居,西南,8,170.09,1360.72,0.38,36,,,
ORD501024,2025-09-22,SKU1039,家居,东北,48,410.4,19699.2,0.55,179,退货激增,采购-赵,62
ORD501025,2025-10-11,SKU1010,服饰,华中,4,327.97,1311.88,0.23,98,,,
ORD501026,2025-07-26,SKU1026,家居,西南,42,811.12,34067.04,0.55,152,,,
ORD501027,2025-11-12,SKU1019,数码,西南,42,788.43,33114.06,0.45,45,,,
ORD501028,2025-10-16,SKU1001,美妆,华南,9,455,4095,0.09,178,,,
ORD501029,2025-10-15,SKU1024,家居,华中,4,164.9,659.6,0.14,40,滞销,仓配-王,13
ORD501030,2025-11-08,SKU1037,家居,华中,56,117.92,6603.52,0.23,169,滞销,仓配-王,27
ORD501031,2025-08-27,SKU1001,美妆,华北,44,294.08,12939.52,0.39,158,,,
ORD501032,2025-11-08,SKU1016,家居,东北,49,478.32,23437.68,0.2,173,,,
ORD501033,2025-08-03,SKU1014,服饰,西南,16,778.58,12457.28,0.14,136,,,
ORD501034,2025-09-30,SKU1020,美妆,华中,30,536.84,16105.2,0.43,179,,,
ORD501035,2025-10-08,SKU1039,家居,华北,58,115.56,6702.48,0.29,5,毛利异常,采购-赵,67
ORD501036,2025-07-21,SKU1004,服饰,东北,34,182,6188,0.31,114,,,
ORD501037,2025-08-01,SKU1021,数码,华北,52,499.02,25949.04,0.19,121,,,
ORD501038,2025-12-26,SKU1027,服饰,华中,8,563.99,4511.92,0.48,82,,,
ORD501039,2025-08-07,SKU1023,食品,华北,44,140.77,6193.88,0.58,38,,,
ORD501040,2025-12-13,SKU1010,服饰,西南,43,167.63,7208.09,0.54,77,,,
ORD501041,2025-08-05,SKU1009,家居,华北,47,486.05,22844.35,0.08,162,滞销,采购-赵,46
ORD501042,2025-10-06,SKU1022,家居,华南,25,313.05,7826.25,0.52,117,,,
ORD501043,2025-09-19,SKU1036,食品,华北,18,19.27,346.86,0.46,36,,,
ORD501044,2025-09-05,SKU1005,美妆,东北,45,805.66,36254.7,0.09,90,,,
ORD501045,2025-07-09,SKU1028,母婴,华南,42,200.76,8431.92,0.45,120,毛利异常,采购-赵,54
ORD501046,2025-11-25,SKU1032,食品,华南,22,429.21,9442.62,0.41,3,,,
ORD501047,2025-09-01,SKU1019,数码,华南,59,156.79,9250.61,0.31,79,,,
ORD501048,2025-07-27,SKU1001,美妆,华南,22,487.51,10725.22,0.13,22,,,
ORD501049,2025-08-15,SKU1018,家居,华北,23,32.92,757.16,0.18,158,,,
ORD501050,2025-10-25,SKU1027,服饰,华北,16,265.59,4249.44,0.61,121,,,
ORD501051,2025-08-28,SKU1028,母婴,华中,60,826.75,49605,0.43,32,,,
ORD501052,2025-08-26,SKU1014,服饰,东北,17,43.07,732.19,0.3,33,缺货,采购-赵,72
ORD501053,2025-08-17,SKU1037,家居,东北,18,96.58,1738.44,0.19,58,,,
ORD501054,2025-08-02,SKU1028,母婴,华南,44,695.98,30623.12,0.5,176,,,
ORD501055,2025-08-03,SKU1015,家居,华中,9,361.86,3256.74,0.16,138,退货激增,运营-李,66
ORD501056,2025-12-16,SKU1023,食品,华南,9,722.59,6503.31,0.42,11,,,
ORD501057,2025-09-25,SKU1025,食品,华北,14,110.34,1544.76,0.17,173,,,
ORD501058,2025-07-21,SKU1016,家居,华北,23,830.61,19104.03,0.6,5,,,
ORD501059,2025-08-11,SKU1019,数码,华南,8,737.08,5896.64,0.55,166,,,
ORD501060,2025-12-15,SKU1009,家居,华北,9,545.06,4905.54,0.48,86,,,
ORD501061,2025-11-26,SKU1004,服饰,东北,35,703.7,24629.5,0.2,61,滞销,仓配-王,47
ORD501062,2025-08-31,SKU1000,家居,东北,54,46.53,2512.62,0.5,104,,,
ORD501063,2025-07-06,SKU1032,食品,西南,1,241.94,241.94,0.3,12,,,
ORD501064,2025-11-30,SKU1029,服饰,华南,37,20.8,769.6,0.39,112,,,
ORD501065,2025-09-26,SKU1008,数码,东北,30,500.67,15020.1,0.42,157,滞销,仓配-王,6
ORD501066,2025-09-30,SKU1039,家居,东北,43,132,5676,0.11,39,,,
ORD501067,2025-08-05,SKU1012,服饰,华南,6,163.17,979.02,0.13,118,,,
ORD501068,2025-09-20,SKU1009,家居,华中,40,293.31,11732.4,0.14,85,,,
ORD501069,2025-12-01,SKU1001,美妆,东北,48,17.97,862.56,0.19,138,,,
ORD501070,2025-12-26,SKU1000,家居,西南,20,298.39,5967.8,0.36,21,,,
ORD501071,2025-08-06,SKU1036,食品,西南,5,717.49,3587.45,0.24,99,毛利异常,运营-李,38
ORD501072,2025-12-09,SKU1033,家居,西南,13,162.4,2111.2,0.55,93,,,
ORD501073,2025-07-29,SKU1003,食品,西南,40,451.59,18063.6,0.49,136,,,
ORD501074,2025-12-02,SKU1027,服饰,西南,27,13.75,371.25,0.11,33,,,
ORD501075,2025-12-08,SKU1017,服饰,华北,33,238.94,7885.02,0.12,132,,,
ORD501076,2025-12-31,SKU1031,母婴,西南,12,637.1,7645.2,0.54,102,滞销,采购-赵,67
ORD501077,2025-12-12,SKU1038,食品,华东,34,164.4,5589.6,0.36,153,,,
ORD501078,2025-09-12,SKU1004,服饰,西南,43,129.09,5550.87,0.09,141,缺货,采购-赵,48
ORD501079,2025-09-23,SKU1019,数码,华北,34,312.7,10631.8,0.06,112,,,
ORD501080,2025-07-06,SKU1038,食品,华南,41,113.81,4666.21,0.48,107,,,
ORD501081,2025-12-31,SKU1020,美妆,华北,31,261.1,8094.1,0.53,101,,,
ORD501082,2025-12-22,SKU1036,食品,华中,49,532.79,26106.71,0.57,93,,,
ORD501083,2025-10-04,SKU1029,服饰,华北,52,68.62,3568.24,0.31,50,,,
ORD501084,2025-08-24,SKU1039,家居,东北,29,490.4,14221.6,0.36,129,退货激增,运营-李,7
ORD501085,2025-09-12,SKU1022,家居,东北,47,230.66,10841.02,0.58,58,,,
ORD501086,2025-12-04,SKU1012,服饰,华北,54,72.89,3936.06,0.5,119,,,
ORD501087,2026-01-01,SKU1009,家居,西南,39,478.64,18666.96,0.11,37,,,
ORD501088,2025-12-04,SKU1029,服饰,华南,33,440.96,14551.68,0.19,77,,,
ORD501089,2025-10-31,SKU1034,家居,西南,9,23.76,213.84,0.11,109,,,
ORD501090,2025-10-12,SKU1039,家居,华南,60,531.27,31876.2,0.17,11,,,
ORD501091,2025-09-28,SKU1038,食品,华南,16,734.19,11747.04,0.6,109,,,
ORD501092,2025-12-24,SKU1017,服饰,东北,15,514.28,7714.2,0.43,135,毛利异常,采购-赵,15
ORD501093,2025-09-14,SKU1004,服饰,华北,31,715.01,22165.31,0.09,130,,,
ORD501094,2025-10-23,SKU1005,美妆,华东,44,812.35,35743.4,0.39,14,,,
ORD501095,2025-10-14,SKU1026,家居,华中,7,274.05,1918.35,0.61,112,,,
ORD501096,2025-11-10,SKU1012,服饰,华东,33,176.01,5808.33,0.36,19,,,
ORD501097,2025-12-09,SKU1026,家居,华东,26,536.91,13959.66,0.61,61,,,
ORD501098,2025-08-24,SKU1004,服饰,华中,48,862.94,41421.12,0.2,66,,,
ORD501099,2025-09-06,SKU1024,家居,西南,27,524.75,14168.25,0.09,151,,,
ORD501100,2025-12-14,SKU1007,母婴,东北,52,372.94,19392.88,0.36,104,,,
ORD501101,2025-10-14,SKU1037,家居,华中,18,812.68,14628.24,0.5,18,,,
ORD501102,2025-10-30,SKU1021,数码,华中,15,410.98,6164.7,0.09,89,,,
ORD501103,2025-07-19,SKU1024,家居,华北,41,420.43,17237.63,0.57,130,,,
ORD501104,2025-12-14,SKU1035,家居,华中,9,33.83,304.47,0.06,136,,,
ORD501105,2025-10-08,SKU1035,家居,西南,26,769.36,20003.36,0.48,91,,,
ORD501106,2025-12-21,SKU1002,食品,东北,55,317.19,17445.45,0.43,125,,,
ORD501107,2025-12-28,SKU1012,服饰,华东,46,496.57,22842.22,0.16,27,缺货,仓配-王,39
ORD501108,2025-08-23,SKU1015,家居,西南,1,888.03,888.03,0.15,38,退货激增,采购-赵,33
ORD501109,2025-11-06,SKU1006,食品,西南,43,844.75,36324.25,0.57,124,,,
ORD501110,2025-11-07,SKU1027,服饰,华南,16,733.15,11730.4,0.62,19,,,
ORD501111,2025-07-29,SKU1011,美妆,西南,12,117.1,1405.2,0.16,120,,,
ORD501112,2025-07-06,SKU1014,服饰,东北,49,521.73,25564.77,0.08,146,退货激增,采购-赵,63
ORD501113,2025-10-09,SKU1037,家居,东北,5,292.91,1464.55,0.32,61,,,
ORD501114,2025-12-09,SKU1022,家居,东北,36,120.22,4327.92,0.35,175,,,
ORD501115,2025-10-22,SKU1028,母婴,华中,24,365.8,8779.2,0.46,89,滞销,仓配-王,18
ORD501116,2025-11-13,SKU1005,美妆,东北,43,802.07,34489.01,0.31,78,,,
ORD501117,2025-10-22,SKU1008,数码,西南,5,662.91,3314.55,0.09,161,,,
ORD501118,2025-12-14,SKU1026,家居,华北,14,255.35,3574.9,0.33,150,,,
ORD501119,2025-12-30,SKU1027,服饰,西南,56,631.5,35364,0.28,2,,,
ORD501120,2025-10-10,SKU1034,家居,东北,25,261.23,6530.75,0.26,105,,,
ORD501121,2025-12-18,SKU1014,服饰,华东,52,734.61,38199.72,0.44,94,,,
ORD501122,2025-10-31,SKU1011,美妆,华南,3,741.91,2225.73,0.31,70,,,
ORD501123,2025-10-25,SKU1014,服饰,华南,9,460.87,4147.83,0.12,153,,,
ORD501124,2025-08-22,SKU1027,服饰,西南,49,417.65,20464.85,0.1,171,缺货,运营-李,67
ORD501125,2025-07-27,SKU1031,母婴,华北,48,598.88,28746.24,0.6,5,缺货,仓配-王,6
ORD501126,2025-07-29,SKU1035,家居,华北,33,369.91,12207.03,0.53,176,缺货,仓配-王,7
ORD501127,2025-10-28,SKU1038,食品,华中,18,702.2,12639.6,0.26,122,,,
ORD501128,2025-11-03,SKU1039,家居,华南,13,767.33,9975.29,0.32,118,,,
ORD501129,2025-07-09,SKU1016,家居,东北,34,850.37,28912.58,0.12,34,,,
ORD501130,2025-08-29,SKU1037,家居,东北,27,420.24,11346.48,0.13,164,缺货,采购-赵,67
ORD501131,2026-01-01,SKU1014,服饰,华中,48,760.5,36504,0.6,113,,,
ORD501132,2025-11-01,SKU1028,母婴,华东,47,482.38,22671.86,0.52,50,,,
ORD501133,2025-10-05,SKU1005,美妆,东北,47,864.79,40645.13,0.4,171,,,
ORD501134,2025-08-28,SKU1030,美妆,华中,31,242.05,7503.55,0.13,39,,,
ORD501135,2025-09-03,SKU1019,数码,华中,37,510.2,18877.4,0.44,60,,,
ORD501136,2025-12-20,SKU1030,美妆,华东,54,245.93,13280.22,0.09,160,,,
ORD501137,2025-09-30,SKU1020,美妆,华北,17,811.63,13797.71,0.21,116,,,
ORD501138,2025-12-19,SKU1011,美妆,东北,21,246.75,5181.75,0.08,142,,,
ORD501139,2025-12-28,SKU1007,母婴,华中,52,552.65,28737.8,0.33,171,毛利异常,采购-赵,7
ORD501140,2025-07-29,SKU1016,家居,华北,56,210.55,11790.8,0.08,35,,,
ORD501141,2025-08-21,SKU1014,服饰,华东,31,120.54,3736.74,0.26,138,,,
ORD501142,2025-09-24,SKU1004,服饰,华南,60,348.18,20890.8,0.54,157,,,
ORD501143,2025-08-26,SKU1028,母婴,华北,57,521.78,29741.46,0.62,70,滞销,采购-赵,17
ORD501144,2025-09-10,SKU1004,服饰,东北,10,820.62,8206.2,0.12,78,毛利异常,仓配-王,34
ORD501145,2025-09-02,SKU1000,家居,华南,41,767.64,31473.24,0.58,85,,,
ORD501146,2025-11-14,SKU1024,家居,华东,56,733.42,41071.52,0.1,72,,,
ORD501147,2025-07-15,SKU1028,母婴,华中,58,746.18,43278.44,0.15,14,毛利异常,运营-李,27
ORD501148,2025-07-17,SKU1012,服饰,东北,14,588.58,8240.12,0.26,150,,,
ORD501149,2025-08-28,SKU1032,食品,华北,35,642.95,22503.25,0.15,130,,,
ORD501150,2025-12-27,SKU1018,家居,华东,35,724.26,25349.1,0.31,110,,,
ORD501151,2025-10-22,SKU1019,数码,东北,9,435.08,3915.72,0.08,106,,,
ORD501152,2025-10-01,SKU1007,母婴,华北,14,782.1,10949.4,0.29,128,,,
ORD501153,2025-12-19,SKU1027,服饰,西南,48,236.35,11344.8,0.59,123,,,
ORD501154,2025-09-19,SKU1018,家居,华东,46,134.78,6199.88,0.05,178,,,
ORD501155,2025-08-08,SKU1031,母婴,华南,46,785.62,36138.52,0.52,10,退货激增,仓配-王,59
ORD501156,2025-09-17,SKU1009,家居,华东,40,256.35,10254,0.21,44,,,
ORD501157,2025-09-11,SKU1033,家居,华东,57,515.32,29373.24,0.26,148,,,
ORD501158,2025-08-29,SKU1011,美妆,东北,3,388.21,1164.63,0.27,74,滞销,运营-李,10
ORD501159,2025-08-17,SKU1007,母婴,华南,38,840.39,31934.82,0.32,1,毛利异常,运营-李,12
ORD501160,2025-08-08,SKU1032,食品,华东,28,609.07,17053.96,0.1,171,,,
ORD501161,2025-10-17,SKU1037,家居,华东,59,412.76,24352.84,0.42,111,,,
ORD501162,2025-11-11,SKU1035,家居,华南,55,414.83,22815.65,0.16,104,,,
ORD501163,2025-12-24,SKU1036,食品,华中,1,15.78,15.78,0.41,136,,,
ORD501164,2025-09-23,SKU1020,美妆,华南,52,392.78,20424.56,0.5,85,,,
ORD501165,2025-11-17,SKU1028,母婴,华南,19,316.13,6006.47,0.19,65,,,
ORD501166,2025-10-17,SKU1008,数码,华中,43,500.08,21503.44,0.3,81,,,
ORD501167,2025-11-01,SKU1007,母婴,西南,53,132.51,7023.03,0.56,15,,,
ORD501168,2025-12-08,SKU1033,家居,华南,13,325.37,4229.81,0.11,166,,,
ORD501169,2025-10-06,SKU1019,数码,华东,49,142.43,6979.07,0.32,105,,,
ORD501170,2025-08-28,SKU1024,家居,华南,5,648.05,3240.25,0.3,28,,,
ORD501171,2025-09-18,SKU1035,家居,东北,22,317.75,6990.5,0.25,10,退货激增,仓配-王,7
ORD501172,2025-10-06,SKU1005,美妆,华东,2,44.66,89.32,0.2,33,滞销,仓配-王,23
ORD501173,2025-08-04,SKU1003,食品,东北,2,878.65,1757.3,0.5,48,,,
ORD501174,2025-07-07,SKU1022,家居,东北,37,369.86,13684.82,0.57,131,,,
ORD501175,2025-07-19,SKU1029,服饰,华南,3,821.9,2465.7,0.09,40,,,
ORD501176,2025-09-12,SKU1017,服饰,华东,52,304.2,15818.4,0.12,74,,,
ORD501177,2025-12-30,SKU1019,数码,华北,2,139.22,278.44,0.16,9,,,
ORD501178,2025-09-11,SKU1017,服饰,华东,54,751.35,40572.9,0.22,2,,,
ORD501179,2025-12-01,SKU1014,服饰,东北,38,759.83,28873.54,0.31,42,,,
ORD501180,2025-10-26,SKU1025,食品,西南,22,639.71,14073.62,0.4,26,,,
ORD501181,2025-10-03,SKU1020,美妆,华北,51,93.99,4793.49,0.6,87,,,
ORD501182,2025-10-07,SKU1008,数码,东北,10,776.11,7761.1,0.58,169,滞销,仓配-王,60
ORD501183,2025-08-15,SKU1019,数码,华中,29,49.88,1446.52,0.29,21,,,
ORD501184,2025-08-04,SKU1014,服饰,西南,26,369.68,9611.68,0.4,172,,,
ORD501185,2025-08-08,SKU1032,食品,西南,35,216.12,7564.2,0.39,95,,,
ORD501186,2025-10-10,SKU1035,家居,西南,33,679.26,22415.58,0.13,33,缺货,采购-赵,5
ORD501187,2025-12-01,SKU1032,食品,华东,14,29.34,410.76,0.18,62,,,
ORD501188,2025-10-28,SKU1019,数码,华南,12,858.44,10301.28,0.55,138,,,
ORD501189,2025-12-07,SKU1007,母婴,华东,46,241.63,11114.98,0.43,60,,,
ORD501190,2025-10-10,SKU1011,美妆,华南,35,36.38,1273.3,0.54,91,,,
ORD501191,2025-10-14,SKU1004,服饰,华南,25,830.38,20759.5,0.18,176,,,
ORD501192,2025-10-31,SKU1033,家居,东北,53,817.7,43338.1,0.6,150,滞销,采购-赵,46
ORD501193,2025-07-11,SKU1039,家居,华东,29,89.33,2590.57,0.45,137,,,
ORD501194,2025-10-25,SKU1025,食品,西南,51,53.09,2707.59,0.41,123,,,
ORD501195,2025-09-03,SKU1030,美妆,华北,29,279.45,8104.05,0.13,29,,,
ORD501196,2025-08-16,SKU1004,服饰,华南,39,50.26,1960.14,0.08,29,,,
ORD501197,2025-10-02,SKU1000,家居,华南,1,508.44,508.44,0.4,135,,,
ORD501198,2025-12-28,SKU1039,家居,华南,9,363.4,3270.6,0.54,37,,,
ORD501199,2025-07-30,SKU1029,服饰,东北,11,210.75,2318.25,0.4,23,滞销,运营-李,30
