cycle,cooler,valve,pump,accum,PS2_bar,TS1_C,TS3_C,VS1_mms,CE_pct,CP_kW,FS1_lmin
1464,100,100,0,90,107.93,44.67,47.06,0.615,35.7,2.24,6.66
1465,100,100,0,90,108.15,43.33,46.59,0.613,44.6,2.77,6.67
1466,100,100,0,90,108.37,41.87,45.91,0.611,46.3,2.84,6.67
1467,100,100,0,90,108.53,40.89,44.94,0.608,46.6,2.79,6.66
1468,100,100,0,90,108.61,40.12,44.05,0.599,47,2.74,6.68
1469,100,100,0,90,108.71,39.46,43.32,0.594,47.2,2.69,6.67
1470,100,100,0,90,108.76,38.9,42.67,0.587,47.4,2.63,6.67
1471,100,100,0,90,108.82,38.44,42.1,0.581,47.3,2.58,6.68
1472,100,100,0,90,108.9,38.05,41.62,0.585,47.3,2.54,6.69
1473,100,100,0,90,108.95,37.7,41.19,0.578,47.2,2.49,6.67
1474,100,100,0,90,108.99,37.43,40.8,0.573,46.9,2.44,6.67
1475,100,100,0,90,109.06,37.18,40.48,0.572,47.3,2.42,6.67
1476,100,100,0,90,109.12,36.95,40.23,0.575,47.3,2.39,6.69
1477,100,100,0,90,109.19,36.75,39.99,0.569,47.1,2.36,6.68
1478,100,100,0,90,109.19,36.6,39.77,0.567,47,2.34,6.67
1479,100,100,0,90,109.23,36.45,39.62,0.564,46.8,2.31,6.7
1480,100,100,0,90,109.27,36.32,39.46,0.571,47.4,2.32,6.68
1481,100,100,0,90,109.3,36.21,39.32,0.563,47.3,2.3,6.68
1482,100,100,0,90,109.3,36.13,39.2,0.564,47,2.27,6.7
1483,100,100,0,90,109.34,36.06,39.09,0.565,46.9,2.25,6.68
1484,100,100,0,90,109.35,35.98,39.01,0.561,47,2.25,6.69
1485,100,100,0,90,109.39,35.91,38.92,0.559,46.6,2.22,6.68
1486,100,100,0,90,109.4,35.87,38.85,0.559,47.2,2.24,6.68
1487,100,100,0,90,109.41,35.8,38.8,0.559,46.9,2.22,6.7
1488,100,100,0,90,109.45,35.75,38.76,0.561,46.8,2.21,6.7
1489,100,100,0,90,109.45,35.72,38.7,0.557,46.9,2.21,6.68
1490,100,100,0,90,109.46,35.69,38.65,0.564,46.6,2.19,6.69
1491,100,100,0,90,109.46,35.65,38.63,0.559,46.5,2.18,6.7
1492,100,100,0,90,109.49,35.61,38.59,0.568,46.6,2.18,6.68
1493,100,100,0,90,109.46,35.59,38.58,0.565,46.5,2.17,6.68
1494,100,100,0,90,109.49,35.56,38.54,0.562,46.5,2.17,6.68
1495,100,100,0,90,109.48,35.53,38.52,0.561,46.3,2.15,6.68
1496,100,100,0,90,109.46,35.53,38.5,0.563,46.3,2.15,6.68
1497,100,100,0,90,109.5,35.52,38.47,0.56,46.4,2.15,6.68
1498,100,100,0,90,109.48,35.5,38.46,0.563,46.3,2.15,6.69
1499,100,100,0,90,109.5,35.5,38.45,0.561,46.4,2.15,6.69
1500,100,100,0,90,109.49,35.49,38.43,0.561,46.5,2.15,6.68
1501,100,100,0,90,109.5,35.48,38.42,0.56,46.1,2.13,6.68
1502,100,100,0,90,109.52,35.48,38.42,0.563,46.2,2.14,6.69
1503,100,100,0,90,109.49,35.46,38.42,0.563,46.3,2.14,6.7
1504,100,100,0,90,109.52,35.45,38.42,0.562,46.1,2.14,6.68
1505,100,100,0,90,109.51,35.45,38.41,0.562,45.9,2.12,6.69
1506,100,100,0,90,109.49,35.44,38.4,0.558,46.2,2.14,6.68
1507,100,100,0,90,109.53,35.43,38.41,0.556,46.6,2.16,6.68
1508,100,100,0,90,109.5,35.44,38.41,0.557,46.6,2.16,6.69
1509,100,100,0,90,109.52,35.43,38.4,0.562,46.4,2.15,6.68
1510,100,100,0,90,109.51,35.43,38.39,0.557,46.4,2.15,6.7
1511,100,100,0,90,109.51,35.44,38.4,0.552,46.4,2.15,6.69
1512,100,100,0,90,109.52,35.43,38.4,0.556,46.4,2.15,6.7
1513,100,100,0,90,109.56,35.44,38.4,0.557,46.7,2.16,6.67
1514,100,100,0,90,109.54,35.43,38.4,0.556,46.7,2.16,6.68
1515,100,100,0,90,109.53,35.45,38.4,0.558,46.9,2.17,6.7
1516,100,100,0,90,109.56,35.45,38.4,0.555,46.7,2.16,6.69
1517,100,100,0,90,109.55,35.44,38.4,0.561,46.7,2.16,6.7
1518,100,100,0,90,109.55,35.44,38.4,0.566,46.6,2.16,6.69
1519,100,100,0,90,109.56,35.44,38.4,0.558,46.8,2.16,6.7
1520,100,100,0,90,109.58,35.43,38.4,0.561,46.4,2.14,6.69
1521,100,100,0,90,109.56,35.42,38.4,0.566,46.6,2.15,6.7
1522,100,100,0,90,109.57,35.41,38.4,0.563,46.7,2.16,6.69
1523,100,100,0,90,109.6,35.41,38.39,0.57,46.5,2.15,6.69
1524,100,100,0,90,109.59,35.41,38.39,0.565,46.6,2.15,6.68
1525,100,100,0,90,109.61,35.42,38.38,0.56,46.4,2.14,6.68
1526,100,100,0,90,109.6,35.41,38.38,0.562,46.4,2.14,6.69
1527,100,100,0,90,109.59,35.41,38.38,0.564,46.7,2.16,6.68
1528,100,100,0,90,109.6,35.4,38.38,0.563,46.4,2.14,6.7
1529,100,100,0,90,109.6,35.39,38.36,0.566,46.4,2.14,6.69
1530,100,100,0,90,109.57,35.39,38.36,0.568,46.3,2.14,6.68
1531,100,100,0,90,109.6,35.39,38.36,0.576,46.3,2.14,6.68
1532,100,100,0,90,109.59,35.4,38.34,0.57,46.3,2.14,6.68
1533,100,100,0,90,109.58,35.38,38.35,0.565,46.3,2.13,6.69
1534,100,100,0,90,109.58,35.41,38.36,0.557,46.7,2.16,6.7
1535,100,100,0,90,109.59,35.4,38.34,0.559,46.5,2.14,6.69
1536,100,100,0,90,109.61,35.4,38.35,0.568,46.3,2.14,6.68
1537,100,100,0,90,109.61,35.4,38.35,0.561,46.4,2.14,6.7
1538,100,100,0,90,109.59,35.4,38.35,0.564,46.5,2.15,6.7
1539,100,100,0,90,109.58,35.41,38.37,0.567,46.8,2.16,6.69
1540,100,100,0,90,109.58,35.42,38.36,0.565,46.4,2.15,6.68
1541,100,100,0,90,109.6,35.41,38.36,0.563,46.4,2.14,6.68
1542,100,100,0,90,109.59,35.41,38.38,0.562,46.4,2.15,6.69
1543,100,100,0,90,109.6,35.41,38.38,0.559,46.3,2.14,6.68
1544,100,100,0,90,109.61,35.41,38.38,0.56,46.4,2.15,6.7
1545,100,100,0,90,109.61,35.41,38.38,0.564,46.4,2.14,6.69
1546,100,100,0,90,109.58,35.42,38.37,0.562,46.4,2.14,6.7
1547,100,100,0,90,109.59,35.42,38.38,0.566,47,2.17,6.69
1548,100,100,0,90,109.6,35.43,38.38,0.563,46.9,2.16,6.69
1549,100,100,0,90,109.59,35.44,38.38,0.563,46.6,2.14,6.7
1550,100,100,0,90,109.6,35.44,38.39,0.564,46.8,2.15,6.68
1551,100,100,0,90,109.61,35.43,38.38,0.56,46.6,2.14,6.7
1552,100,100,0,90,109.59,35.44,38.39,0.56,46.7,2.15,6.69
1553,100,100,0,90,109.62,35.44,38.39,0.561,46.5,2.14,6.68
1554,100,100,0,90,109.58,35.44,38.38,0.556,46.6,2.14,6.69
1555,100,100,0,90,109.56,35.45,38.39,0.562,46.7,2.15,6.69
1556,100,100,0,90,109.59,35.47,38.39,0.555,46.9,2.16,6.68
1557,100,100,0,90,109.59,35.47,38.38,0.556,46.8,2.14,6.68
1558,100,100,0,90,109.59,35.47,38.4,0.563,46.8,2.14,6.69
1559,100,100,0,90,109.59,35.47,38.4,0.564,47,2.15,6.7
1560,100,100,0,90,109.6,35.48,38.4,0.56,47,2.15,6.68
1561,100,100,0,90,109.59,35.5,38.41,0.561,47,2.15,6.7
1562,100,100,0,90,109.6,35.5,38.42,0.567,47,2.15,6.69
1563,100,100,0,90,109.61,35.51,38.42,0.565,46.6,2.14,6.7
1564,100,100,0,90,109.58,35.52,38.42,0.561,46.8,2.15,6.7
1565,100,100,0,90,109.6,35.52,38.43,0.561,46.7,2.14,6.69
1566,100,100,0,90,109.59,35.52,38.43,0.563,46.9,2.15,6.7
1567,100,100,0,90,109.58,35.53,38.43,0.562,46.7,2.14,6.69
1568,100,100,0,90,109.6,35.53,38.43,0.567,46.7,2.14,6.68
1569,100,100,0,90,109.58,35.53,38.44,0.567,47,2.16,6.69
1570,100,100,0,90,109.59,35.55,38.45,0.563,47.2,2.17,6.69
1571,100,100,0,90,109.6,35.55,38.46,0.561,47,2.16,6.67
1572,100,100,0,90,109.58,35.56,38.47,0.56,46.7,2.15,6.7
1573,100,100,0,90,109.59,35.55,38.48,0.56,47,2.16,6.7
1574,100,100,0,90,109.59,35.55,38.48,0.564,46.7,2.16,6.69
1575,100,100,0,90,109.59,35.54,38.48,0.56,46.5,2.15,6.69
1576,100,100,0,90,109.59,35.54,38.49,0.558,46.5,2.15,6.68
1577,100,100,0,90,109.58,35.55,38.48,0.565,46.4,2.15,6.69
1578,100,100,0,90,109.57,35.54,38.48,0.563,46.5,2.15,6.68
1579,100,100,0,90,109.6,35.54,38.49,0.567,46.7,2.16,6.7
1580,100,100,0,90,109.59,35.54,38.48,0.569,46.7,2.16,6.68
1581,100,100,0,90,109.61,35.54,38.49,0.565,47.4,2.18,6.68
1582,100,100,0,90,109.61,35.54,38.47,0.562,46.9,2.17,6.69
1583,100,100,0,90,109.57,35.54,38.47,0.56,46.9,2.17,6.68
1584,100,100,0,90,109.6,35.53,38.46,0.562,46.6,2.15,6.68
1585,100,100,0,90,109.59,35.53,38.46,0.563,46.6,2.15,6.7
1586,100,100,0,90,109.6,35.53,38.45,0.551,46.4,2.14,6.68
1587,100,100,0,90,109.61,35.52,38.45,0.552,46.8,2.16,6.69
1588,100,100,0,90,109.62,35.51,38.45,0.556,46.8,2.16,6.7
1589,100,100,0,90,109.6,35.5,38.44,0.556,46.7,2.16,6.69
1590,100,100,0,90,109.61,35.5,38.43,0.559,46.6,2.15,6.68
1591,100,100,0,90,109.61,35.49,38.42,0.562,46.6,2.15,6.7
1592,100,100,0,90,109.59,35.48,38.42,0.561,46.5,2.14,6.68
1593,100,100,0,90,109.59,35.48,38.42,0.561,46.4,2.14,6.7
1594,100,100,0,90,109.59,35.48,38.43,0.562,46.6,2.15,6.68
1595,100,100,0,90,109.6,35.48,38.42,0.556,46.8,2.16,6.69
1596,100,100,0,90,109.59,35.47,38.41,0.56,46.7,2.15,6.68
1597,100,100,0,90,109.6,35.48,38.41,0.562,46.7,2.15,6.7
1598,100,100,0,90,109.59,35.47,38.42,0.562,46.7,2.15,6.69
1599,100,100,0,90,109.6,35.48,38.41,0.564,46.9,2.17,6.68
1600,100,100,0,90,109.6,35.48,38.4,0.562,46.7,2.15,6.7
1601,100,100,0,90,109.59,35.49,38.41,0.552,46.6,2.15,6.68
1602,100,100,0,90,109.62,35.48,38.4,0.555,46.6,2.15,6.69
1603,100,100,0,90,109.59,35.47,38.41,0.553,46.6,2.15,6.69
1604,100,100,0,90,109.6,35.47,38.41,0.558,46.3,2.13,6.69
1605,100,100,0,90,109.58,35.48,38.4,0.551,46.5,2.14,6.7
1606,100,100,0,90,109.59,35.48,38.4,0.554,46.6,2.15,6.71
1607,100,100,0,90,109.63,35.47,38.41,0.553,46.7,2.16,6.7
1608,100,100,0,90,109.6,35.47,38.41,0.57,46.7,2.16,6.69
1609,100,100,0,90,109.61,35.48,38.41,0.556,46.8,2.16,6.7
1610,100,100,0,90,109.62,35.47,38.4,0.555,46.7,2.16,6.68
1611,100,100,0,90,109.58,35.47,38.4,0.555,46.7,2.16,6.69
1612,100,100,0,90,109.6,35.48,38.4,0.56,46.7,2.15,6.69
1613,100,100,0,90,109.6,35.48,38.39,0.558,46.7,2.15,6.68
1614,100,100,0,90,109.61,35.47,38.4,0.557,46.6,2.15,6.68
1615,100,100,0,90,109.61,35.46,38.4,0.561,46.7,2.16,6.7
1616,100,100,0,90,109.64,35.47,38.4,0.556,46.7,2.16,6.69
1617,100,100,0,90,109.6,35.46,38.39,0.562,47,2.17,6.7
1618,100,100,0,90,109.58,35.46,38.4,0.554,46.8,2.16,6.69
1619,100,100,0,90,109.6,35.45,38.39,0.554,46.7,2.15,6.69
1620,100,100,0,90,109.61,35.45,38.39,0.556,46.9,2.16,6.69
1621,100,100,0,90,109.61,35.46,38.39,0.554,46.6,2.15,6.69
1622,100,100,0,90,109.63,35.45,38.39,0.556,46.6,2.15,6.69
1623,100,100,0,90,109.62,35.44,38.39,0.559,46.7,2.15,6.69
1624,100,100,0,90,109.59,35.44,38.39,0.558,46.9,2.17,6.7
1625,100,100,0,90,109.61,35.44,38.39,0.554,46.6,2.15,6.68
1626,100,100,0,90,109.61,35.43,38.39,0.555,46.7,2.15,6.68
1627,100,100,0,90,109.59,35.43,38.39,0.552,46.7,2.15,6.69
1628,100,100,0,90,109.6,35.44,38.39,0.552,47.1,2.17,6.7
1629,100,100,0,90,109.57,35.43,38.39,0.552,46.9,2.16,6.69
1630,100,100,0,90,109.61,35.42,38.39,0.55,47.1,2.18,6.69
1631,100,100,0,90,109.61,35.42,38.4,0.55,46.7,2.16,6.7
1632,100,100,0,90,109.58,35.41,38.4,0.544,46.9,2.16,6.69
1633,100,100,0,90,109.61,35.4,38.39,0.54,46.9,2.17,6.7
1634,100,100,0,90,109.62,35.41,38.4,0.54,47.1,2.17,6.68
1635,100,100,0,90,109.61,35.41,38.4,0.548,47.1,2.18,6.69
1636,100,100,0,90,109.58,35.4,38.39,0.549,46.9,2.17,6.69
1637,100,100,0,90,109.62,35.42,38.39,0.543,47.1,2.18,6.69
1638,100,100,0,90,109.61,35.42,38.39,0.547,47.2,2.18,6.69
1639,100,100,0,90,109.59,35.42,38.39,0.547,47,2.17,6.68
1640,100,100,0,90,109.6,35.43,38.39,0.547,46.8,2.16,6.7
1641,100,100,0,90,109.59,35.42,38.39,0.55,46.9,2.16,6.7
1642,100,100,0,90,109.62,35.42,38.39,0.553,46.9,2.17,6.69
1643,100,100,0,90,109.61,35.43,38.39,0.558,47,2.17,6.7
1644,100,100,0,90,109.63,35.43,38.39,0.553,47,2.17,6.7
1645,100,100,0,90,109.61,35.44,38.39,0.55,46.7,2.16,6.69
1646,100,100,0,90,109.62,35.44,38.4,0.552,46.7,2.16,6.7
1647,100,100,0,90,109.61,35.45,38.39,0.558,46.7,2.15,6.7
1648,100,100,0,90,109.6,35.46,38.4,0.557,47.2,2.17,6.7
1649,100,100,0,90,109.57,35.48,38.4,0.553,47.1,2.16,6.7
1650,100,100,0,90,109.6,35.5,38.41,0.558,47,2.16,6.7
1651,100,100,0,90,109.59,35.51,38.41,0.551,46.9,2.15,6.7
1652,100,100,0,90,109.58,35.51,38.43,0.555,47,2.16,6.69
1653,100,100,0,90,109.58,35.51,38.44,0.563,47.1,2.17,6.69
1654,100,100,0,90,109.6,35.52,38.44,0.557,47.2,2.16,6.68
1655,100,100,0,90,109.58,35.53,38.45,0.563,47.4,2.17,6.68
1656,100,100,0,90,109.58,35.53,38.45,0.562,47.2,2.16,6.7
1657,100,100,0,90,109.57,35.54,38.45,0.55,46.9,2.15,6.68
1658,100,100,0,90,109.57,35.54,38.49,0.554,47.1,2.16,6.7
1659,100,100,0,90,109.57,35.54,38.5,0.547,47.1,2.16,6.7
1660,100,100,0,90,109.59,35.54,38.5,0.55,47.1,2.16,6.68
1661,100,100,0,90,109.56,35.55,38.5,0.542,47.1,2.16,6.69
1662,100,100,0,90,109.56,35.55,38.51,0.538,47.1,2.16,6.68
1663,100,100,0,90,109.56,35.57,38.51,0.545,47.2,2.16,6.69
1664,100,100,0,130,109.73,35.54,38.5,0.538,47.2,2.16,6.7
1665,100,100,0,130,109.74,35.56,38.5,0.538,47.3,2.16,6.7
1666,100,100,0,130,109.72,35.57,38.5,0.552,47.4,2.16,6.69
1667,100,100,0,130,109.69,35.58,38.51,0.545,47.4,2.16,6.71
1668,100,100,0,130,109.7,35.59,38.52,0.547,47.4,2.16,6.71
1669,100,100,0,130,109.71,35.6,38.55,0.55,47.5,2.17,6.71
1670,100,100,0,130,109.71,35.59,38.56,0.55,47.4,2.17,6.72
1671,100,100,0,130,109.72,35.61,38.56,0.552,47.3,2.17,6.7
1672,100,100,0,130,109.72,35.62,38.56,0.552,47.3,2.18,6.72
1673,100,100,0,130,109.68,35.65,38.56,0.551,47.1,2.17,6.71
1674,100,100,2,130,109.22,35.63,38.56,0.548,46.9,2.16,6.45
1675,100,73,2,130,108.67,35.6,38.5,0.551,47,2.16,6.39
1676,100,73,2,130,108.67,35.59,38.49,0.55,47,2.16,6.4
1677,100,73,2,130,108.68,35.57,38.49,0.542,47,2.16,6.4
1678,100,73,2,130,108.66,35.58,38.48,0.547,47,2.16,6.4
1679,100,73,2,130,108.67,35.57,38.49,0.543,47,2.16,6.39
1680,100,73,2,130,108.65,35.58,38.49,0.551,47,2.16,6.39
1681,100,73,2,130,108.67,35.62,38.49,0.561,47.2,2.15,6.39
1682,100,73,2,130,108.68,35.63,38.5,0.55,47.1,2.15,6.39
1683,100,73,2,130,108.65,35.64,38.52,0.554,47.4,2.16,6.39
1684,100,73,2,130,108.68,35.65,38.54,0.551,47.2,2.17,6.39
1685,100,80,2,130,108.9,35.65,38.56,0.551,47.2,2.17,6.42
1686,100,80,2,130,108.91,35.67,38.56,0.546,47,2.16,6.42
1687,100,80,2,130,108.9,35.66,38.55,0.546,46.9,2.16,6.42
1688,100,80,2,130,108.93,35.66,38.56,0.546,47,2.17,6.42
1689,100,80,2,130,108.92,35.66,38.55,0.541,47.2,2.17,6.42
1690,100,80,2,130,108.9,35.66,38.56,0.546,47.3,2.18,6.42
1691,100,80,2,130,108.92,35.67,38.56,0.538,47.4,2.18,6.42
1692,100,80,2,130,108.91,35.67,38.56,0.542,47.4,2.18,6.41
1693,100,80,2,130,108.91,35.68,38.56,0.545,47.3,2.17,6.41
1694,100,80,2,130,108.93,35.68,38.56,0.549,47.4,2.18,6.42
1695,100,90,2,130,109.13,35.69,38.58,0.539,47.5,2.18,6.43
1696,100,90,2,130,109.13,35.69,38.57,0.539,47.5,2.18,6.43
1697,100,90,2,130,109.11,35.69,38.57,0.54,47.5,2.18,6.43
1698,100,90,2,130,109.14,35.71,38.59,0.536,47.5,2.18,6.43
1699,100,90,2,130,109.11,35.71,38.59,0.538,47.8,2.18,6.43
1700,100,90,2,130,109.11,35.7,38.6,0.533,47.9,2.19,6.43
1701,100,90,2,130,109.09,35.7,38.61,0.542,47.9,2.19,6.43
1702,100,90,2,130,109.07,35.71,38.6,0.543,47.6,2.17,6.42
1703,100,90,2,130,109.1,35.71,38.61,0.539,47.8,2.19,6.43
1704,100,90,2,130,109.11,35.71,38.62,0.532,47.6,2.18,6.43
1705,100,100,2,130,109.25,35.72,38.62,0.537,47.2,2.17,6.44
1706,100,100,2,130,109.24,35.72,38.61,0.535,47.9,2.19,6.43
1707,100,100,2,130,109.25,35.74,38.61,0.53,47.9,2.19,6.43
1708,100,100,2,130,109.26,35.74,38.62,0.534,47.6,2.18,6.43
1709,100,100,2,130,109.22,35.74,38.62,0.537,47.2,2.16,6.42
1710,100,100,2,130,109.25,35.74,38.62,0.533,47.1,2.15,6.43
1711,100,100,2,130,109.25,35.75,38.63,0.538,47.8,2.19,6.43
1712,100,100,2,130,109.25,35.75,38.63,0.536,47.8,2.19,6.44
1713,100,100,2,130,109.27,35.76,38.63,0.54,47.3,2.16,6.43
1714,100,100,2,130,109.25,35.78,38.65,0.539,47.4,2.17,6.43
1715,100,100,1,130,109.42,35.79,38.66,0.543,47.1,2.16,6.53
1716,100,73,1,130,108.83,35.8,38.67,0.538,47.1,2.16,6.48
1717,100,73,1,130,108.85,35.81,38.67,0.535,47.4,2.17,6.48
1718,100,73,1,130,108.85,35.83,38.71,0.533,47.5,2.17,6.49
1719,100,73,1,130,108.83,35.85,38.72,0.533,47.2,2.16,6.49
1720,100,73,1,130,108.83,35.86,38.73,0.539,47.3,2.16,6.48
1721,100,73,1,130,108.82,35.87,38.74,0.54,47.1,2.16,6.49
1722,100,73,1,130,108.86,35.88,38.75,0.539,47.3,2.16,6.48
1723,100,73,1,130,108.81,35.89,38.75,0.531,47.3,2.16,6.49
1724,100,73,1,130,108.85,35.89,38.75,0.643,47.4,2.17,6.48
1725,100,73,1,130,108.85,35.86,38.74,0.529,47.4,2.17,6.49
1726,100,80,1,130,109.06,35.87,38.74,0.532,47.1,2.16,6.51
1727,100,80,1,130,109.06,35.87,38.75,0.537,47.2,2.15,6.51
1728,100,80,1,130,109.05,35.88,38.74,0.538,47.2,2.16,6.5
1729,100,80,1,130,109.07,35.89,38.76,0.534,47.4,2.16,6.51
1730,100,80,1,130,109.08,35.9,38.78,0.539,47.3,2.16,6.51
1731,100,80,1,130,109.05,35.9,38.8,0.543,47.3,2.17,6.5
1732,100,80,1,130,109.06,35.91,38.8,0.546,47.3,2.17,6.51
1733,100,80,1,130,109.06,35.91,38.8,0.543,47.3,2.17,6.51
1734,100,80,1,130,109.07,35.92,38.8,0.551,47.6,2.17,6.51
1735,100,80,1,130,109.06,35.94,38.81,0.539,47.5,2.17,6.51
1736,100,90,1,130,109.28,35.94,38.81,0.544,47.4,2.17,6.53
1737,100,90,1,130,109.28,35.95,38.8,0.546,47.3,2.17,6.53
1738,100,90,1,130,109.25,35.94,38.81,0.546,47.5,2.17,6.53
1739,100,90,1,130,109.26,35.94,38.81,0.543,47.2,2.16,6.52
1740,100,90,1,130,109.28,35.94,38.8,0.542,47.4,2.17,6.52
1741,100,90,1,130,109.24,35.96,38.8,0.543,47.6,2.17,6.52
1742,100,90,1,130,109.24,35.96,38.81,0.547,47.4,2.16,6.52
1743,100,90,1,130,109.24,35.97,38.82,0.544,47.6,2.17,6.52
1744,100,90,1,130,109.26,35.96,38.82,0.545,47.7,2.18,6.52
1745,100,90,1,130,109.26,35.97,38.81,0.547,47.5,2.16,6.52
1746,100,100,1,130,109.38,35.96,38.82,0.553,47.6,2.17,6.53
1747,100,100,1,130,109.42,35.97,38.84,0.55,47.3,2.16,6.53
1748,100,100,1,130,109.42,35.98,38.83,0.553,47.3,2.16,6.54
1749,100,100,1,130,109.42,35.97,38.83,0.549,47.1,2.15,6.52
1750,100,100,1,130,109.39,35.99,38.84,0.553,47.3,2.16,6.51
1751,100,100,1,130,109.41,35.98,38.83,0.547,47.5,2.16,6.52
1752,100,100,1,130,109.38,35.99,38.84,0.557,47.3,2.16,6.53
1753,100,100,1,130,109.38,35.98,38.84,0.548,47.4,2.16,6.52
1754,100,100,1,130,109.38,36.01,38.84,0.554,47.4,2.16,6.53
1755,100,100,1,130,109.41,36.01,38.85,0.549,47.6,2.16,6.52
1756,100,100,0,130,109.66,36.03,38.85,0.551,47.8,2.17,6.71
1757,100,73,0,130,109.05,36.03,38.9,0.544,47.7,2.17,6.67
1758,100,73,0,130,109.05,36.05,38.91,0.557,47.7,2.17,6.66
1759,100,73,0,130,109.07,36.08,38.92,0.551,47.5,2.16,6.66
1760,100,73,0,130,109.04,36.09,38.94,0.549,47.5,2.17,6.66
1761,100,73,0,130,109.04,36.11,38.95,0.548,47.4,2.16,6.67
1762,100,73,0,130,109.03,36.12,38.97,0.551,47.3,2.16,6.66
1763,100,73,0,130,109.04,36.12,38.98,0.555,47.3,2.16,6.67
1764,100,73,0,130,109.07,36.12,39.01,0.544,47.5,2.17,6.66
1765,100,73,0,130,109.08,36.14,39.02,0.548,47.6,2.17,6.67
1766,100,73,0,130,109.07,36.15,39.02,0.558,47.4,2.16,6.66
1767,100,80,0,130,109.32,36.17,39.03,0.55,47.5,2.16,6.7
1768,100,80,0,130,109.3,36.16,39.05,0.548,47.4,2.16,6.69
1769,100,80,0,130,109.3,36.17,39.06,0.549,47.6,2.17,6.7
1770,100,80,0,130,109.3,36.18,39.06,0.557,47.5,2.17,6.7
1771,100,80,0,130,109.3,36.18,39.05,0.557,47.4,2.16,6.69
1772,100,80,0,130,109.32,36.19,39.05,0.546,47.3,2.16,6.69
1773,100,80,0,130,109.31,36.19,39.07,0.553,47.2,2.17,6.69
1774,100,80,0,130,109.3,36.19,39.07,0.547,47.2,2.16,6.69
1775,100,80,0,130,109.3,36.21,39.08,0.546,47.2,2.16,6.69
1776,100,80,0,130,109.28,36.2,39.08,0.545,47.5,2.17,6.69
1777,100,90,0,130,109.49,36.23,39.08,0.544,47.5,2.17,6.71
1778,100,90,0,130,109.51,36.23,39.08,0.548,47.5,2.17,6.71
1779,100,90,0,130,109.48,36.24,39.09,0.547,47.6,2.17,6.71
1780,100,90,0,130,109.46,36.24,39.1,0.549,47.6,2.18,6.71
1781,100,90,0,130,109.48,36.23,39.12,0.55,47.7,2.18,6.71
1782,100,90,0,130,109.47,36.23,39.12,0.557,47.6,2.18,6.71
1783,100,90,0,130,109.5,36.24,39.12,0.552,47.7,2.18,6.71
1784,100,90,0,130,109.51,36.23,39.13,0.543,47.5,2.18,6.71
1785,100,90,0,130,109.49,36.21,39.14,0.55,47.6,2.17,6.7
1786,100,90,0,130,109.48,36.24,39.12,0.55,47.8,2.18,6.71
1787,100,100,0,130,109.64,36.26,39.14,0.551,47.8,2.18,6.7
1788,100,100,0,130,109.63,36.26,39.13,0.558,47.6,2.17,6.72
1789,100,100,0,130,109.62,36.26,39.14,0.545,47.7,2.17,6.71
1790,100,100,0,130,109.63,36.26,39.14,0.55,47.6,2.17,6.71
1791,100,100,0,130,109.62,36.27,39.16,0.558,47.9,2.17,6.72
1792,100,100,0,130,109.6,36.29,39.17,0.554,47.8,2.17,6.69
1793,100,100,0,130,109.61,36.3,39.17,0.555,47.6,2.17,6.7
1794,100,100,0,130,109.6,36.31,39.17,0.555,47.5,2.16,6.71
1795,100,100,0,130,109.62,36.3,39.19,0.546,47.4,2.17,6.7
1796,100,100,0,130,109.61,36.31,39.18,0.549,47.3,2.16,6.71
1797,100,100,0,115,109.51,36.26,39.18,0.544,47.3,2.16,6.71
1798,100,100,0,115,109.52,36.27,39.17,0.542,47.3,2.16,6.7
1799,100,100,0,115,109.51,36.28,39.17,0.552,47.3,2.16,6.69
1800,100,100,0,115,109.51,36.28,39.17,0.55,47.3,2.16,6.69
1801,100,100,0,115,109.5,36.28,39.15,0.55,47.2,2.15,6.7
1802,100,100,0,115,109.49,36.3,39.16,0.547,47.3,2.16,6.69
1803,100,100,0,115,109.5,36.29,39.16,0.546,47.2,2.16,6.69
1804,100,100,0,115,109.52,36.29,39.19,0.544,47.4,2.17,6.7
1805,100,100,0,115,109.54,36.3,39.2,0.547,47.2,2.16,6.69
1806,100,100,0,115,109.52,36.32,39.21,0.544,47.1,2.16,6.7
1807,100,100,2,115,109.05,36.3,39.18,0.539,47.2,2.15,6.43
1808,100,73,2,115,108.43,36.26,39.12,0.549,47.2,2.14,6.39
1809,100,73,2,115,108.46,36.24,39.09,0.544,47.3,2.14,6.38
1810,100,73,2,115,108.45,36.21,39.08,0.545,46.9,2.13,6.38
1811,100,73,2,115,108.43,36.19,39.08,0.546,47.2,2.13,6.38
1812,100,73,2,115,108.41,36.19,39.08,0.549,47.2,2.13,6.38
1813,100,73,2,115,108.42,36.19,39.08,0.545,47.2,2.14,6.37
1814,100,73,2,115,108.44,36.19,39.08,0.553,46.8,2.13,6.37
1815,100,73,2,115,108.45,36.19,39.09,0.547,47,2.14,6.38
1816,100,73,2,115,108.44,36.19,39.09,0.549,46.8,2.12,6.38
1817,100,73,2,115,108.44,36.22,39.09,0.542,46.9,2.13,6.38
1818,100,80,2,115,108.68,36.23,39.12,0.541,46.9,2.12,6.4
1819,100,80,2,115,108.68,36.23,39.14,0.549,47,2.13,6.41
1820,100,80,2,115,108.69,36.26,39.14,0.543,46.9,2.12,6.41
1821,100,80,2,115,108.7,36.27,39.14,0.54,46.9,2.13,6.4
1822,100,80,2,115,108.7,36.26,39.15,0.54,46.8,2.12,6.41
1823,100,80,2,115,108.67,36.29,39.17,0.542,46.4,2.11,6.41
1824,100,80,2,115,108.69,36.3,39.19,0.554,46.6,2.13,6.41
1825,100,80,2,115,108.68,36.31,39.19,0.54,46.7,2.13,6.41
1826,100,80,2,115,108.67,36.32,39.2,0.543,46.9,2.13,6.41
1827,100,80,2,115,108.67,36.32,39.21,0.541,47,2.14,6.41
1828,100,90,2,115,108.9,36.33,39.22,0.546,46.7,2.13,6.42
1829,100,90,2,115,108.87,36.33,39.21,0.547,46.3,2.12,6.42
1830,100,90,2,115,108.89,36.35,39.2,0.554,46.2,2.11,6.42
1831,100,90,2,115,108.86,36.36,39.21,0.547,46.3,2.11,6.42
1832,100,90,2,115,108.86,36.36,39.23,0.547,46.7,2.13,6.42
1833,100,90,2,115,108.87,36.36,39.21,0.546,46.7,2.12,6.42
1834,100,90,2,115,108.86,36.36,39.22,0.537,46.5,2.12,6.42
1835,100,90,2,115,108.86,36.37,39.22,0.54,46.7,2.13,6.42
1836,100,90,2,115,108.86,36.35,39.23,0.546,46.7,2.13,6.42
1837,100,90,2,115,108.88,36.36,39.22,0.547,46.3,2.11,6.42
1838,100,100,2,115,109.01,36.35,39.21,0.549,46.4,2.13,6.41
1839,100,100,2,115,109.03,36.36,39.24,0.549,46.4,2.13,6.42
1840,100,100,2,115,109.02,36.36,39.22,0.545,46.4,2.13,6.41
1841,100,100,2,115,109.02,36.35,39.22,0.549,46.6,2.13,6.41
1842,100,100,2,115,109.01,36.36,39.23,0.545,46.5,2.13,6.42
1843,100,100,2,115,109.03,36.37,39.23,0.548,46.4,2.13,6.42
1844,100,100,2,115,109.03,36.35,39.23,0.555,46.5,2.13,6.42
1845,100,100,2,115,109.04,36.34,39.21,0.554,46.5,2.13,6.42
1846,100,100,2,115,109.04,36.34,39.21,0.551,46.8,2.14,6.42
1847,100,100,2,115,109.02,36.34,39.23,0.556,46.7,2.14,6.42
1848,100,100,1,115,109.27,36.35,39.22,0.552,46.8,2.15,6.51
1849,100,73,1,115,108.68,36.35,39.22,0.559,46.5,2.13,6.47
1850,100,73,1,115,108.64,36.35,39.23,0.55,46.4,2.13,6.47
1851,100,73,1,115,108.64,36.35,39.22,0.551,46.4,2.13,6.48
1852,100,73,1,115,108.66,36.35,39.22,0.552,46.3,2.13,6.47
1853,100,73,1,115,108.63,36.35,39.24,0.551,46.6,2.14,6.48
1854,100,73,1,115,108.64,36.36,39.23,0.551,46.4,2.13,6.48
1855,100,73,1,115,108.68,36.36,39.23,0.551,46.5,2.13,6.48
1856,100,73,1,115,108.65,36.37,39.22,0.552,46.5,2.13,6.47
1857,100,73,1,115,108.66,36.37,39.22,0.558,46.3,2.12,6.48
1858,100,73,1,115,108.64,36.38,39.22,0.55,46.4,2.13,6.48
1859,100,80,1,115,108.89,36.36,39.22,0.55,46.5,2.13,6.51
1860,100,80,1,115,108.9,36.36,39.21,0.552,46.8,2.15,6.51
1861,100,80,1,115,108.89,36.37,39.21,0.55,46.7,2.14,6.51
1862,100,80,1,115,108.92,36.36,39.21,0.549,47,2.15,6.51
1863,100,80,1,115,108.91,36.36,39.2,0.552,47,2.15,6.51
1864,100,80,1,115,108.93,36.35,39.21,0.551,46.8,2.16,6.51
1865,100,80,1,115,108.93,36.33,39.2,0.554,47,2.17,6.5
1866,100,80,1,115,108.91,36.33,39.2,0.544,46.6,2.16,6.51
1867,100,80,1,115,108.92,36.3,39.2,0.548,46.7,2.16,6.51
1868,100,80,1,115,108.92,36.28,39.18,0.549,46.7,2.16,6.51
1869,100,90,1,115,109.15,36.27,39.16,0.545,46.7,2.16,6.52
1870,100,90,1,115,109.14,36.25,39.14,0.55,46.7,2.16,6.52
1871,100,90,1,115,109.15,36.23,39.14,0.552,46.5,2.16,6.52
1872,100,90,1,115,109.12,36.21,39.11,0.55,46.4,2.15,6.52
1873,100,90,1,115,109.14,36.19,39.09,0.545,46.3,2.15,6.52
1874,100,90,1,115,109.16,36.18,39.09,0.546,46.5,2.15,6.52
1875,100,90,1,115,109.18,36.19,39.09,0.547,46.9,2.16,6.52
1876,100,90,1,115,109.15,36.18,39.07,0.542,47.1,2.17,6.52
1877,100,90,1,115,109.15,36.19,39.04,0.55,47.2,2.17,6.52
1878,100,90,1,115,109.16,36.19,39.05,0.54,47.2,2.17,6.52
1879,100,100,1,115,109.3,36.17,39.03,0.547,47,2.16,6.52
1880,100,100,1,115,109.29,36.14,39.03,0.54,46.8,2.16,6.52
1881,100,100,1,115,109.31,36.15,39.02,0.543,46.8,2.16,6.52
1882,100,100,1,115,109.32,36.13,39,0.538,46.7,2.15,6.51
1883,100,100,1,115,109.29,36.14,39.01,0.546,46.8,2.16,6.52
1884,100,100,1,115,109.31,36.13,39,0.543,46.9,2.16,6.52
1885,100,100,1,115,109.31,36.12,39,0.543,46.9,2.16,6.52
1886,100,100,1,115,109.3,36.12,39,0.548,46.8,2.15,6.52
1887,100,100,1,115,109.33,36.11,38.98,0.539,46.7,2.15,6.51
1888,100,100,1,115,109.32,36.11,38.98,0.535,46.7,2.15,6.51
1889,100,100,0,115,109.57,36.1,38.98,0.537,46.8,2.15,6.71
1890,100,73,0,115,108.97,36.12,38.99,0.54,47,2.15,6.66
1891,100,73,0,115,108.96,36.13,39.01,0.54,47.3,2.17,6.66
1892,100,73,0,115,109,36.15,39.01,0.54,47.2,2.16,6.66
1893,100,73,0,115,108.98,36.16,39.02,0.537,47.2,2.16,6.66
1894,100,73,0,115,108.99,36.18,39.04,0.541,47.2,2.17,6.66
1895,100,73,0,115,108.96,36.18,39.04,0.534,47.2,2.17,6.66
1896,100,73,0,115,108.96,36.18,39.07,0.541,47.3,2.18,6.66
1897,100,73,0,115,109.01,36.19,39.07,0.538,47.4,2.17,6.66
1898,100,73,0,115,109.01,36.19,39.06,0.542,47.2,2.16,6.66
1899,100,73,0,115,108.97,36.2,39.07,0.534,47.3,2.17,6.67
1900,100,80,0,115,109.24,36.2,39.08,0.534,47.2,2.17,6.69
1901,100,80,0,115,109.22,36.2,39.09,0.532,47,2.16,6.69
1902,100,80,0,115,109.23,36.21,39.09,0.542,47,2.16,6.69
1903,100,80,0,115,109.23,36.22,39.09,0.538,47.5,2.18,6.7
1904,100,80,0,115,109.24,36.22,39.1,0.543,47.4,2.17,6.7
1905,100,80,0,115,109.22,36.23,39.12,0.535,47.5,2.18,6.69
1906,100,80,0,115,109.24,36.24,39.12,0.535,47.5,2.17,6.69
1907,100,80,0,115,109.24,36.25,39.11,0.536,47.2,2.16,6.69
1908,100,80,0,115,109.24,36.25,39.13,0.532,47.1,2.16,6.69
1909,100,80,0,115,109.23,36.25,39.13,0.537,47.2,2.17,6.69
1910,100,90,0,115,109.43,36.26,39.14,0.537,47,2.16,6.71
1911,100,90,0,115,109.45,36.26,39.14,0.53,47.2,2.16,6.71
1912,100,90,0,115,109.45,36.25,39.15,0.535,47,2.15,6.7
1913,100,90,0,115,109.44,36.25,39.15,0.533,47,2.16,6.7
1914,100,90,0,115,109.44,36.25,39.16,0.535,47.3,2.16,6.7
1915,100,90,0,115,109.47,36.27,39.16,0.533,47.2,2.15,6.7
1916,100,90,0,115,109.42,36.28,39.17,0.537,47.3,2.16,6.71
1917,100,90,0,115,109.42,36.29,39.18,0.534,47.3,2.16,6.71
1918,100,90,0,115,109.42,36.3,39.18,0.537,47.3,2.16,6.71
1919,100,90,0,115,109.43,36.3,39.19,0.542,47.3,2.16,6.7
64,3,100,0,130,106.8,52,53.56,0.641,20.3,1.58,6.63
65,3,100,0,130,106.78,52.01,53.56,0.641,20.5,1.59,6.63
66,3,100,0,130,106.75,52.03,53.61,0.64,19.5,1.52,6.64
67,3,100,0,130,106.73,52.06,53.57,0.639,19.7,1.54,6.63
68,3,100,0,130,106.76,52.1,53.65,0.641,20,1.56,6.64
69,3,100,0,130,106.74,52.16,53.67,0.637,20.2,1.57,6.62
70,3,100,0,130,106.72,52.16,53.7,0.648,19.6,1.52,6.62
71,3,100,0,130,106.74,52.21,53.74,0.647,19.5,1.5,6.62
72,3,100,0,130,106.68,52.3,53.82,0.646,19.7,1.49,6.62
73,3,100,0,130,106.67,52.38,53.82,0.64,19.9,1.49,6.62
74,3,100,0,130,106.68,52.41,53.97,0.635,21.1,1.58,6.64
75,3,100,0,130,106.64,52.42,54.02,0.647,20.3,1.53,6.62
76,3,100,0,130,106.65,52.53,54.06,0.654,20.2,1.52,6.64
77,3,100,0,130,106.64,52.6,54.14,0.641,20.6,1.55,6.61
78,3,100,0,130,106.61,52.64,54.19,0.643,20.6,1.55,6.62
79,3,100,0,130,106.59,52.7,54.23,0.645,20.8,1.56,6.63
80,3,100,0,130,106.58,52.68,54.27,0.65,20.7,1.55,6.62
81,3,100,0,130,106.59,52.77,54.29,0.649,20.3,1.52,6.6
82,3,100,0,130,106.6,52.8,54.36,0.647,20.9,1.56,6.61
83,3,100,0,130,106.59,52.83,54.41,0.644,21,1.56,6.61
84,3,100,0,130,106.56,52.83,54.43,0.649,20.6,1.54,6.6
85,3,100,0,130,106.59,52.89,54.43,0.656,20.4,1.54,6.61
86,3,100,0,130,106.57,52.9,54.43,0.644,20.3,1.54,6.61
87,3,100,0,130,106.58,52.91,54.47,0.644,20.6,1.56,6.61
88,3,100,0,130,106.54,52.94,54.51,0.645,21.1,1.6,6.62
89,3,100,0,130,106.53,52.98,54.54,0.647,21,1.59,6.61
90,3,100,0,130,106.52,53,54.53,0.65,21,1.59,6.63
91,3,100,0,130,106.53,53.02,54.59,0.648,21,1.59,6.61
92,3,100,0,130,106.53,53.05,54.62,0.648,20.9,1.58,6.61
93,3,100,0,130,106.51,53.07,54.64,0.65,21.1,1.59,6.62
94,3,100,0,130,106.48,53.12,54.66,0.654,20.8,1.56,6.63
95,3,100,0,130,106.48,53.16,54.68,0.634,21.7,1.62,6.63
96,3,100,0,130,106.47,53.18,54.72,0.636,20.8,1.56,6.61
97,3,100,0,130,106.49,53.19,54.68,0.643,20,1.52,6.61
98,3,100,0,130,106.48,53.21,54.75,0.647,19.7,1.51,6.61
99,3,100,0,130,106.46,53.2,54.77,0.669,19.8,1.51,6.63
100,3,100,0,130,106.48,53.26,54.77,0.667,19.7,1.5,6.6
101,3,100,0,130,106.42,53.23,54.82,0.644,19.7,1.51,6.61
102,3,100,0,130,106.42,53.25,54.89,0.655,19.7,1.52,6.61
103,3,100,0,130,106.42,53.28,54.87,0.654,19.9,1.53,6.62
104,3,100,0,130,106.41,53.32,54.86,0.648,20,1.53,6.61
105,3,100,0,130,106.42,53.35,54.85,0.664,19.7,1.51,6.62
106,3,100,0,130,106.41,53.35,54.9,0.655,19.7,1.51,6.62
107,3,100,0,130,106.4,53.38,54.93,0.639,19.8,1.51,6.6
108,3,100,0,130,106.4,53.42,54.91,0.651,20.3,1.54,6.6
109,3,100,0,130,106.36,53.46,54.97,0.663,20,1.52,6.62
110,3,100,0,130,106.41,53.47,54.99,0.652,20.3,1.53,6.61
111,3,100,0,130,106.41,53.52,55.02,0.666,20.1,1.52,6.6
112,3,100,0,130,106.44,53.52,55.06,0.649,19.8,1.51,6.61
113,3,100,0,130,106.43,53.49,55.1,0.646,19.9,1.52,6.62
114,3,100,0,130,106.32,53.56,55.1,0.657,19.9,1.52,6.6
115,3,100,0,130,106.36,53.57,55.11,0.664,20.3,1.54,6.61
116,3,100,0,130,106.34,53.59,55.15,0.664,20.2,1.53,6.62
117,3,100,0,130,106.36,53.61,55.15,0.653,20.3,1.53,6.6
118,3,100,0,130,106.3,53.65,55.17,0.667,20,1.52,6.61
119,3,100,0,130,106.33,53.65,55.22,0.664,20,1.52,6.6
120,3,100,0,130,106.36,53.67,55.19,0.655,19.8,1.52,6.61
121,3,100,0,130,106.35,53.65,55.21,0.649,19.8,1.53,6.6
122,3,100,0,130,106.38,53.64,55.23,0.661,19.7,1.53,6.61
123,3,100,0,130,106.33,53.64,55.25,0.644,19.7,1.53,6.6
124,3,100,0,130,106.29,53.65,55.26,0.649,19.7,1.53,6.61
125,3,100,0,130,106.31,53.68,55.24,0.652,19.6,1.52,6.59
126,3,100,0,130,106.32,53.7,55.26,0.648,19.6,1.53,6.61
127,3,100,0,130,106.36,53.69,55.27,0.662,19.9,1.55,6.61
128,3,100,0,130,106.58,53.69,55.29,0.654,19.6,1.52,6.61
129,3,100,0,130,106.41,53.7,55.3,0.656,19.6,1.53,6.61
130,3,100,0,130,106.39,53.74,55.3,0.657,19.5,1.52,6.61
131,3,100,0,130,106.35,53.77,55.28,0.67,19.4,1.52,6.6
132,3,100,0,130,106.33,53.78,55.29,0.661,19.6,1.52,6.61
133,3,100,0,130,106.33,53.77,55.3,0.646,19.6,1.53,6.61
134,3,100,0,130,106.33,53.76,55.32,0.647,19.6,1.53,6.61
135,3,100,0,130,106.31,53.77,55.3,0.669,19.6,1.52,6.6
136,3,100,0,130,106.3,53.76,55.38,0.659,19.7,1.54,6.61
137,3,100,0,130,106.31,53.78,55.36,0.655,19.6,1.53,6.6
138,3,100,0,130,106.4,53.81,55.34,0.651,19.6,1.53,6.61
139,3,100,0,130,106.39,53.82,55.35,0.656,19.6,1.53,6.6
140,3,100,0,130,106.34,53.8,55.37,0.647,19.6,1.53,6.61
141,3,100,0,130,106.34,53.84,55.36,0.655,19.5,1.53,6.61
142,3,100,0,130,106.34,53.83,55.38,0.664,19.6,1.53,6.6
143,3,100,0,130,106.33,53.84,55.38,0.666,19.6,1.53,6.61
144,3,100,0,130,106.39,53.84,55.39,0.655,19.7,1.54,6.61
145,3,100,0,130,106.31,53.86,55.37,0.663,19.8,1.55,6.61
146,3,100,0,130,106.31,53.83,55.38,0.669,19.6,1.53,6.6
147,3,100,0,130,106.3,53.85,55.46,0.665,19.7,1.54,6.6
148,3,100,0,130,106.27,53.89,55.45,0.66,19.6,1.53,6.6
149,3,100,0,130,106.28,53.91,55.46,0.653,19.8,1.55,6.6
150,3,100,0,130,106.3,53.86,55.48,0.674,19.7,1.54,6.6
151,3,100,0,130,106.3,53.85,55.47,0.654,19.6,1.53,6.6
152,3,100,0,130,106.29,53.88,55.46,0.667,19.8,1.55,6.61
153,3,100,0,130,106.3,53.87,55.48,0.654,19.8,1.55,6.61
154,3,100,0,130,106.27,53.87,55.5,0.658,19.7,1.54,6.6
155,3,100,0,130,106.28,53.9,55.49,0.659,19.6,1.53,6.6
156,3,100,0,130,106.29,53.93,55.47,0.668,19.8,1.55,6.6
157,3,100,0,130,106.28,53.88,55.48,0.655,19.7,1.55,6.6
158,3,100,0,130,106.27,53.89,55.51,0.65,19.8,1.55,6.6
159,3,100,0,130,106.28,53.93,55.48,0.661,19.8,1.55,6.6
160,3,100,0,130,106.26,53.9,55.53,0.657,19.7,1.55,6.61
161,3,100,0,130,106.36,53.96,55.5,0.653,19.8,1.55,6.59
162,3,100,0,130,106.35,53.94,55.49,0.656,19.9,1.56,6.6
163,3,100,0,130,106.32,53.9,55.54,0.671,20.1,1.57,6.61
164,3,100,0,130,106.41,53.97,55.5,0.657,19.9,1.56,6.6
165,3,100,0,130,106.39,53.95,55.55,0.678,19.9,1.56,6.59
166,3,100,0,130,106.36,53.95,55.57,0.668,19.6,1.54,6.59
167,3,100,0,130,106.31,53.99,55.54,0.663,19.9,1.56,6.61
168,3,100,0,130,106.42,53.98,55.57,0.684,20,1.57,6.6
169,3,100,0,130,106.41,54.01,55.59,0.658,19.9,1.56,6.59
170,3,100,0,130,106.41,54.03,55.56,0.67,19.9,1.55,6.59
171,3,100,0,130,106.5,54.03,55.58,0.662,20,1.56,6.6
172,3,100,0,130,106.41,54.05,55.57,0.664,19.9,1.55,6.61
173,3,100,0,130,106.37,54.05,55.62,0.671,19.8,1.55,6.59
174,3,100,0,130,106.31,54.05,55.61,0.662,19.6,1.54,6.61
175,3,100,0,130,106.4,54.03,55.65,0.657,19.9,1.56,6.61
176,3,100,0,130,106.37,54.04,55.64,0.668,19.7,1.54,6.59
177,3,100,0,130,106.46,54.05,55.6,0.67,19.6,1.53,6.6
178,3,100,0,130,106.35,54.08,55.63,0.668,19.7,1.54,6.6
179,3,100,0,130,106.35,54.07,55.66,0.667,19.9,1.56,6.61
180,3,100,0,130,106.37,54.1,55.61,0.676,19.9,1.55,6.59
181,3,100,0,130,106.44,54.11,55.66,0.666,19.8,1.54,6.6
182,3,100,0,130,106.37,54.1,55.67,0.665,19.8,1.54,6.6
183,3,100,0,130,106.31,54.09,55.7,0.664,19.9,1.55,6.61
