store_id,category_id,transaction_count,units_sold,sales_amount_cny,active_days,sales_velocity_units_per_day,sales_pressure_rank,recommended_action,data_nature
CDLG,922000003,324,420,911.12,58,7.24,1,核对在库、在途和货架容量后再创建补货单,derived-sales-pressure-not-inventory
CDXL,915030104,20,294,1257.22,13,22.62,2,核对在库、在途和货架容量后再创建补货单,derived-sales-pressure-not-inventory
CDXL,922000003,202,266,718.98,50,5.32,3,核对在库、在途和货架容量后再创建补货单,derived-sales-pressure-not-inventory
CDXL,920090000,26,196,383.96,14,14.0,4,核对在库、在途和货架容量后再创建补货单,derived-sales-pressure-not-inventory
CDLG,922000002,168,178,314.16,53,3.36,5,核对在库、在途和货架容量后再创建补货单,derived-sales-pressure-not-inventory
CDXL,922000002,100,168,318.2,34,4.94,6,核对在库、在途和货架容量后再创建补货单,derived-sales-pressure-not-inventory
CDNL,922000003,138,158,374.2,32,4.94,7,核对在库、在途和货架容量后再创建补货单,derived-sales-pressure-not-inventory
CDXL,923000006,132,158,817.42,40,3.95,8,核对在库、在途和货架容量后再创建补货单,derived-sales-pressure-not-inventory
CDLG,923000006,122,130,709.98,41,3.17,9,核对在库、在途和货架容量后再创建补货单,derived-sales-pressure-not-inventory
CDXL,910030002,8,128,219.02,5,25.6,10,核对在库、在途和货架容量后再创建补货单,derived-sales-pressure-not-inventory
CDLG,960000000,98,106,30.0,32,3.31,11,核对在库、在途和货架容量后再创建补货单,derived-sales-pressure-not-inventory
CDLG,910030001,10,94,194.48,9,10.44,12,核对在库、在途和货架容量后再创建补货单,derived-sales-pressure-not-inventory
CDLG,922000001,86,94,213.12,33,2.85,13,核对在库、在途和货架容量后再创建补货单,derived-sales-pressure-not-inventory
CDNL,923000006,82,94,416.4,28,3.36,14,核对在库、在途和货架容量后再创建补货单,derived-sales-pressure-not-inventory
CDXL,922000001,78,94,193.56,31,3.03,15,核对在库、在途和货架容量后再创建补货单,derived-sales-pressure-not-inventory
CDXL,920000400,2,90,135.0,2,45.0,16,核对在库、在途和货架容量后再创建补货单,derived-sales-pressure-not-inventory
CDNL,960000000,80,76,21.0,27,2.81,17,核对在库、在途和货架容量后再创建补货单,derived-sales-pressure-not-inventory
CDXL,923000002,56,76,514.84,20,3.8,18,核对在库、在途和货架容量后再创建补货单,derived-sales-pressure-not-inventory
CDLG,925090000,70,74,2221.32,29,2.55,19,核对在库、在途和货架容量后再创建补货单,derived-sales-pressure-not-inventory
CDLG,923000000,54,72,462.84,23,3.13,20,核对在库、在途和货架容量后再创建补货单,derived-sales-pressure-not-inventory
CDNL,922000001,68,68,170.44,23,2.96,21,核对在库、在途和货架容量后再创建补货单,derived-sales-pressure-not-inventory
CDLG,923000002,58,62,405.38,23,2.7,22,核对在库、在途和货架容量后再创建补货单,derived-sales-pressure-not-inventory
CDLG,910020104,12,60,98.84,7,8.57,23,核对在库、在途和货架容量后再创建补货单,derived-sales-pressure-not-inventory
CDNL,923000000,44,60,387.98,19,3.16,24,核对在库、在途和货架容量后再创建补货单,derived-sales-pressure-not-inventory
CDXL,960000000,60,60,17.6,26,2.31,25,核对在库、在途和货架容量后再创建补货单,derived-sales-pressure-not-inventory
CDNL,922000002,70,58,131.84,24,2.42,26,核对在库、在途和货架容量后再创建补货单,derived-sales-pressure-not-inventory
CDNL,922000000,94,50,168.0,26,1.92,27,核对在库、在途和货架容量后再创建补货单,derived-sales-pressure-not-inventory
CDNL,923000002,46,50,340.08,18,2.78,28,核对在库、在途和货架容量后再创建补货单,derived-sales-pressure-not-inventory
CDXL,921000002,2,50,50.0,2,25.0,29,核对在库、在途和货架容量后再创建补货单,derived-sales-pressure-not-inventory
CDXL,923000000,34,46,317.24,17,2.71,30,核对在库、在途和货架容量后再创建补货单,derived-sales-pressure-not-inventory
CDLG,922000000,140,44,159.2,41,1.07,31,核对在库、在途和货架容量后再创建补货单,derived-sales-pressure-not-inventory
CDLG,930020502,36,44,430.88,19,2.32,32,核对在库、在途和货架容量后再创建补货单,derived-sales-pressure-not-inventory
CDNL,910030000,8,44,79.02,3,14.67,33,核对在库、在途和货架容量后再创建补货单,derived-sales-pressure-not-inventory
CDXL,915010000,28,44,349.5,17,2.59,34,核对在库、在途和货架容量后再创建补货单,derived-sales-pressure-not-inventory
CDXL,922000006,22,44,107.92,12,3.67,35,核对在库、在途和货架容量后再创建补货单,derived-sales-pressure-not-inventory
CDLG,930020001,32,42,402.36,18,2.33,36,核对在库、在途和货架容量后再创建补货单,derived-sales-pressure-not-inventory
CDXL,922000000,128,42,197.46,38,1.11,37,核对在库、在途和货架容量后再创建补货单,derived-sales-pressure-not-inventory
CDXL,930020502,40,42,502.76,17,2.47,38,核对在库、在途和货架容量后再创建补货单,derived-sales-pressure-not-inventory
CDXL,925090000,48,40,1328.94,23,1.74,39,核对在库、在途和货架容量后再创建补货单,derived-sales-pressure-not-inventory
CDLG,910030000,2,38,76.0,2,19.0,40,核对在库、在途和货架容量后再创建补货单,derived-sales-pressure-not-inventory
CDLG,910030002,2,38,47.12,2,19.0,41,核对在库、在途和货架容量后再创建补货单,derived-sales-pressure-not-inventory
CDLG,915030401,22,38,266.16,13,2.92,42,核对在库、在途和货架容量后再创建补货单,derived-sales-pressure-not-inventory
CDNL,915030401,22,38,280.4,13,2.92,43,核对在库、在途和货架容量后再创建补货单,derived-sales-pressure-not-inventory
CDNL,930020502,34,36,358.72,18,2.0,44,核对在库、在途和货架容量后再创建补货单,derived-sales-pressure-not-inventory
CDNL,914050002,26,34,82.56,13,2.62,45,核对在库、在途和货架容量后再创建补货单,derived-sales-pressure-not-inventory
CDLG,930000201,32,32,342.64,20,1.6,46,核对在库、在途和货架容量后再创建补货单,derived-sales-pressure-not-inventory
CDNL,915030101,14,32,168.28,9,3.56,47,核对在库、在途和货架容量后再创建补货单,derived-sales-pressure-not-inventory
CDNL,925090000,34,32,1029.08,19,1.68,48,核对在库、在途和货架容量后再创建补货单,derived-sales-pressure-not-inventory
CDNL,930020001,30,32,536.64,11,2.91,49,核对在库、在途和货架容量后再创建补货单,derived-sales-pressure-not-inventory
CDLG,915030104,8,30,120.44,6,5.0,50,核对在库、在途和货架容量后再创建补货单,derived-sales-pressure-not-inventory
CDXL,910030000,6,30,105.2,4,7.5,51,核对在库、在途和货架容量后再创建补货单,derived-sales-pressure-not-inventory
CDXL,914100001,30,30,159.8,14,2.14,52,核对在库、在途和货架容量后再创建补货单,derived-sales-pressure-not-inventory
CDLG,914100000,32,28,141.56,15,1.87,53,核对在库、在途和货架容量后再创建补货单,derived-sales-pressure-not-inventory
CDNL,915030104,12,28,110.16,8,3.5,54,核对在库、在途和货架容量后再创建补货单,derived-sales-pressure-not-inventory
CDXL,910000000,20,28,283.36,14,2.0,55,核对在库、在途和货架容量后再创建补货单,derived-sales-pressure-not-inventory
CDXL,910020300,14,28,133.28,9,3.11,56,核对在库、在途和货架容量后再创建补货单,derived-sales-pressure-not-inventory
CDXL,930000201,16,28,316.56,9,3.11,57,核对在库、在途和货架容量后再创建补货单,derived-sales-pressure-not-inventory
CDLG,914010000,22,26,156.08,11,2.36,58,核对在库、在途和货架容量后再创建补货单,derived-sales-pressure-not-inventory
CDNL,930040000,26,26,261.32,13,2.0,59,核对在库、在途和货架容量后再创建补货单,derived-sales-pressure-not-inventory
CDXL,910030100,2,26,46.02,2,13.0,60,核对在库、在途和货架容量后再创建补货单,derived-sales-pressure-not-inventory
CDLG,922000008,48,24,178.14,24,1.0,61,核对在库、在途和货架容量后再创建补货单,derived-sales-pressure-not-inventory
CDNL,923000001,20,24,124.8,9,2.67,62,核对在库、在途和货架容量后再创建补货单,derived-sales-pressure-not-inventory
CDXL,911000000,24,24,90.88,11,2.18,63,核对在库、在途和货架容量后再创建补货单,derived-sales-pressure-not-inventory
CDLG,911000000,22,22,168.24,14,1.57,64,核对在库、在途和货架容量后再创建补货单,derived-sales-pressure-not-inventory
CDNL,910030001,8,22,88.14,5,4.4,65,核对在库、在途和货架容量后再创建补货单,derived-sales-pressure-not-inventory
CDXL,914010000,20,22,72.48,11,2.0,66,核对在库、在途和货架容量后再创建补货单,derived-sales-pressure-not-inventory
CDXL,922000008,46,22,122.92,19,1.16,67,核对在库、在途和货架容量后再创建补货单,derived-sales-pressure-not-inventory
CDLG,910000000,4,20,172.4,3,6.67,68,核对在库、在途和货架容量后再创建补货单,derived-sales-pressure-not-inventory
CDLG,911000100,20,20,223.8,10,2.0,69,核对在库、在途和货架容量后再创建补货单,derived-sales-pressure-not-inventory
CDLG,911010501,24,20,332.0,14,1.43,70,核对在库、在途和货架容量后再创建补货单,derived-sales-pressure-not-inventory
CDLG,913050103,20,20,53.72,11,1.82,71,核对在库、在途和货架容量后再创建补货单,derived-sales-pressure-not-inventory
CDLG,914010001,12,20,313.0,7,2.86,72,核对在库、在途和货架容量后再创建补货单,derived-sales-pressure-not-inventory
CDLG,915010000,20,20,179.6,13,1.54,73,核对在库、在途和货架容量后再创建补货单,derived-sales-pressure-not-inventory
CDLG,930010000,20,20,373.2,10,2.0,74,核对在库、在途和货架容量后再创建补货单,derived-sales-pressure-not-inventory
CDNL,910020300,6,20,90.28,5,4.0,75,核对在库、在途和货架容量后再创建补货单,derived-sales-pressure-not-inventory
CDNL,930040402,20,20,58.0,10,2.0,76,核对在库、在途和货架容量后再创建补货单,derived-sales-pressure-not-inventory
CDXL,914100000,20,20,131.0,11,1.82,77,核对在库、在途和货架容量后再创建补货单,derived-sales-pressure-not-inventory
CDXL,915030101,10,20,92.86,6,3.33,78,核对在库、在途和货架容量后再创建补货单,derived-sales-pressure-not-inventory
CDXL,915030400,12,20,88.08,8,2.5,79,核对在库、在途和货架容量后再创建补货单,derived-sales-pressure-not-inventory
CDXL,923000001,14,20,111.6,9,2.22,80,核对在库、在途和货架容量后再创建补货单,derived-sales-pressure-not-inventory
CDXL,930020001,20,20,278.4,11,1.82,81,核对在库、在途和货架容量后再创建补货单,derived-sales-pressure-not-inventory
CDXL,930040003,20,20,90.96,12,1.67,82,核对在库、在途和货架容量后再创建补货单,derived-sales-pressure-not-inventory
CDLG,914100003,18,18,68.76,9,2.0,83,核对在库、在途和货架容量后再创建补货单,derived-sales-pressure-not-inventory
CDLG,915030101,8,18,88.56,6,3.0,84,核对在库、在途和货架容量后再创建补货单,derived-sales-pressure-not-inventory
CDLG,915030102,8,18,118.02,6,3.0,85,核对在库、在途和货架容量后再创建补货单,derived-sales-pressure-not-inventory
CDLG,922000006,18,18,64.44,12,1.5,86,核对在库、在途和货架容量后再创建补货单,derived-sales-pressure-not-inventory
CDLG,930020100,18,18,141.36,10,1.8,87,核对在库、在途和货架容量后再创建补货单,derived-sales-pressure-not-inventory
CDLG,930040000,18,18,192.92,12,1.5,88,核对在库、在途和货架容量后再创建补货单,derived-sales-pressure-not-inventory
CDNL,911010501,16,18,324.7,10,1.8,89,核对在库、在途和货架容量后再创建补货单,derived-sales-pressure-not-inventory
CDNL,914050300,18,18,36.8,8,2.25,90,核对在库、在途和货架容量后再创建补货单,derived-sales-pressure-not-inventory
CDNL,920090000,14,18,15.92,10,1.8,91,核对在库、在途和货架容量后再创建补货单,derived-sales-pressure-not-inventory
CDNL,930000201,18,18,155.36,10,1.8,92,核对在库、在途和货架容量后再创建补货单,derived-sales-pressure-not-inventory
CDLG,910020207,10,16,142.16,5,3.2,93,核对在库、在途和货架容量后再创建补货单,derived-sales-pressure-not-inventory
CDLG,911000001,12,16,48.64,8,2.0,94,核对在库、在途和货架容量后再创建补货单,derived-sales-pressure-not-inventory
CDLG,912060303,58,16,293.86,24,0.67,95,核对在库、在途和货架容量后再创建补货单,derived-sales-pressure-not-inventory
CDLG,915030404,8,16,105.12,6,2.67,96,核对在库、在途和货架容量后再创建补货单,derived-sales-pressure-not-inventory
CDLG,923000001,12,16,83.6,9,1.78,97,核对在库、在途和货架容量后再创建补货单,derived-sales-pressure-not-inventory
CDLG,930010005,16,16,89.52,11,1.45,98,核对在库、在途和货架容量后再创建补货单,derived-sales-pressure-not-inventory
CDLG,931060000,16,16,125.52,9,1.78,99,核对在库、在途和货架容量后再创建补货单,derived-sales-pressure-not-inventory
CDLG,931060400,14,16,100.32,10,1.6,100,核对在库、在途和货架容量后再创建补货单,derived-sales-pressure-not-inventory
CDNL,910030102,4,16,40.94,3,5.33,101,核对在库、在途和货架容量后再创建补货单,derived-sales-pressure-not-inventory
CDNL,912060303,66,16,373.16,22,0.73,102,核对在库、在途和货架容量后再创建补货单,derived-sales-pressure-not-inventory
CDNL,914000000,16,16,72.92,10,1.6,103,核对在库、在途和货架容量后再创建补货单,derived-sales-pressure-not-inventory
CDNL,914100000,16,16,97.72,10,1.6,104,核对在库、在途和货架容量后再创建补货单,derived-sales-pressure-not-inventory
CDNL,915010000,18,16,145.26,10,1.6,105,核对在库、在途和货架容量后再创建补货单,derived-sales-pressure-not-inventory
CDNL,923000101,14,16,129.6,8,2.0,106,核对在库、在途和货架容量后再创建补货单,derived-sales-pressure-not-inventory
CDXL,910020207,8,16,118.56,6,2.67,107,核对在库、在途和货架容量后再创建补货单,derived-sales-pressure-not-inventory
CDXL,911000001,16,16,32.64,8,2.0,108,核对在库、在途和货架容量后再创建补货单,derived-sales-pressure-not-inventory
CDXL,912060303,66,16,345.12,26,0.62,109,核对在库、在途和货架容量后再创建补货单,derived-sales-pressure-not-inventory
CDXL,914050005,8,16,22.08,6,2.67,110,核对在库、在途和货架容量后再创建补货单,derived-sales-pressure-not-inventory
CDLG,910020000,2,14,8.12,2,7.0,111,核对在库、在途和货架容量后再创建补货单,derived-sales-pressure-not-inventory
CDLG,915030400,10,14,55.72,8,1.75,112,核对在库、在途和货架容量后再创建补货单,derived-sales-pressure-not-inventory
CDLG,922000103,14,14,149.96,10,1.4,113,核对在库、在途和货架容量后再创建补货单,derived-sales-pressure-not-inventory
CDLG,923000101,14,14,62.56,8,1.75,114,核对在库、在途和货架容量后再创建补货单,derived-sales-pressure-not-inventory
CDLG,930020104,14,14,97.28,9,1.56,115,核对在库、在途和货架容量后再创建补货单,derived-sales-pressure-not-inventory
CDNL,911000100,14,14,155.88,7,2.0,116,核对在库、在途和货架容量后再创建补货单,derived-sales-pressure-not-inventory
CDNL,914010000,12,14,70.52,8,1.75,117,核对在库、在途和货架容量后再创建补货单,derived-sales-pressure-not-inventory
CDNL,914010001,14,14,135.28,7,2.0,118,核对在库、在途和货架容量后再创建补货单,derived-sales-pressure-not-inventory
CDNL,914110003,6,14,37.08,4,3.5,119,核对在库、在途和货架容量后再创建补货单,derived-sales-pressure-not-inventory
CDNL,915030400,10,14,55.72,8,1.75,120,核对在库、在途和货架容量后再创建补货单,derived-sales-pressure-not-inventory
CDNL,930010005,10,14,66.92,7,2.0,121,核对在库、在途和货架容量后再创建补货单,derived-sales-pressure-not-inventory
CDXL,910030001,2,14,52.92,2,7.0,122,核对在库、在途和货架容量后再创建补货单,derived-sales-pressure-not-inventory
CDXL,914100004,14,14,130.88,7,2.0,123,核对在库、在途和货架容量后再创建补货单,derived-sales-pressure-not-inventory
CDXL,914120305,14,14,54.88,9,1.56,124,核对在库、在途和货架容量后再创建补货单,derived-sales-pressure-not-inventory
CDXL,922000005,12,14,88.32,9,1.56,125,核对在库、在途和货架容量后再创建补货单,derived-sales-pressure-not-inventory
CDXL,924000005,12,14,206.12,11,1.27,126,核对在库、在途和货架容量后再创建补货单,derived-sales-pressure-not-inventory
CDXL,930020104,14,14,97.28,8,1.75,127,核对在库、在途和货架容量后再创建补货单,derived-sales-pressure-not-inventory
CDXL,930040000,14,14,143.28,8,1.75,128,核对在库、在途和货架容量后再创建补货单,derived-sales-pressure-not-inventory
CDLG,910030203,10,12,119.12,6,2.0,129,核对在库、在途和货架容量后再创建补货单,derived-sales-pressure-not-inventory
CDLG,911010500,8,12,294.44,6,2.0,130,核对在库、在途和货架容量后再创建补货单,derived-sales-pressure-not-inventory
CDLG,912010004,12,12,32.24,8,1.5,131,核对在库、在途和货架容量后再创建补货单,derived-sales-pressure-not-inventory
CDLG,912030500,10,12,25.08,6,2.0,132,核对在库、在途和货架容量后再创建补货单,derived-sales-pressure-not-inventory
CDLG,912040000,12,12,72.44,6,2.0,133,核对在库、在途和货架容量后再创建补货单,derived-sales-pressure-not-inventory
CDLG,912500204,12,12,74.24,6,2.0,134,核对在库、在途和货架容量后再创建补货单,derived-sales-pressure-not-inventory
CDLG,914000000,12,12,83.24,9,1.33,135,核对在库、在途和货架容量后再创建补货单,derived-sales-pressure-not-inventory
CDLG,914100001,12,12,73.24,9,1.33,136,核对在库、在途和货架容量后再创建补货单,derived-sales-pressure-not-inventory
CDLG,930010002,10,12,655.76,7,1.71,137,核对在库、在途和货架容量后再创建补货单,derived-sales-pressure-not-inventory
CDNL,914050000,10,12,20.8,6,2.0,138,核对在库、在途和货架容量后再创建补货单,derived-sales-pressure-not-inventory
CDNL,914050001,12,12,24.0,7,1.71,139,核对在库、在途和货架容量后再创建补货单,derived-sales-pressure-not-inventory
CDNL,914070201,12,12,49.44,7,1.71,140,核对在库、在途和货架容量后再创建补货单,derived-sales-pressure-not-inventory
CDNL,915030404,6,12,77.92,5,2.4,141,核对在库、在途和货架容量后再创建补货单,derived-sales-pressure-not-inventory
CDXL,911000100,12,12,120.64,7,1.71,142,核对在库、在途和货架容量后再创建补货单,derived-sales-pressure-not-inventory
CDXL,912020106,12,12,20.88,7,1.71,143,核对在库、在途和货架容量后再创建补货单,derived-sales-pressure-not-inventory
CDXL,915030401,8,12,77.04,5,2.4,144,核对在库、在途和货架容量后再创建补货单,derived-sales-pressure-not-inventory
CDXL,924020000,22,12,138.92,14,0.86,145,核对在库、在途和货架容量后再创建补货单,derived-sales-pressure-not-inventory
CDLG,910020302,8,10,50.8,6,1.67,146,核对在库、在途和货架容量后再创建补货单,derived-sales-pressure-not-inventory
CDLG,914040300,10,10,56.4,7,1.43,147,核对在库、在途和货架容量后再创建补货单,derived-sales-pressure-not-inventory
CDLG,915020003,10,10,71.2,6,1.67,148,核对在库、在途和货架容量后再创建补货单,derived-sales-pressure-not-inventory
CDLG,920090000,10,10,9.8,5,2.0,149,核对在库、在途和货架容量后再创建补货单,derived-sales-pressure-not-inventory
CDNL,915010001,10,10,115.8,7,1.43,150,核对在库、在途和货架容量后再创建补货单,derived-sales-pressure-not-inventory
CDNL,922000006,10,10,35.8,7,1.43,151,核对在库、在途和货架容量后再创建补货单,derived-sales-pressure-not-inventory
CDNL,930000202,10,10,100.0,6,1.67,152,核对在库、在途和货架容量后再创建补货单,derived-sales-pressure-not-inventory
CDNL,930020101,10,10,72.2,4,2.5,153,核对在库、在途和货架容量后再创建补货单,derived-sales-pressure-not-inventory
CDNL,930020500,10,10,217.2,6,1.67,154,核对在库、在途和货架容量后再创建补货单,derived-sales-pressure-not-inventory
CDNL,930040104,10,10,211.2,7,1.43,155,核对在库、在途和货架容量后再创建补货单,derived-sales-pressure-not-inventory
CDNL,931010103,10,10,44.0,6,1.67,156,核对在库、在途和货架容量后再创建补货单,derived-sales-pressure-not-inventory
CDNL,936010001,10,10,102.0,6,1.67,157,核对在库、在途和货架容量后再创建补货单,derived-sales-pressure-not-inventory
CDXL,911010501,16,10,154.18,10,1.0,158,核对在库、在途和货架容量后再创建补货单,derived-sales-pressure-not-inventory
CDXL,912080000,10,10,30.84,6,1.67,159,核对在库、在途和货架容量后再创建补货单,derived-sales-pressure-not-inventory
CDXL,914040300,10,10,53.2,7,1.43,160,核对在库、在途和货架容量后再创建补货单,derived-sales-pressure-not-inventory
CDXL,922000004,12,10,60.76,9,1.11,161,核对在库、在途和货架容量后再创建补货单,derived-sales-pressure-not-inventory
CDXL,930010005,10,10,51.2,7,1.43,162,核对在库、在途和货架容量后再创建补货单,derived-sales-pressure-not-inventory
CDXL,930020500,8,10,197.2,5,2.0,163,核对在库、在途和货架容量后再创建补货单,derived-sales-pressure-not-inventory
CDXL,930040100,10,10,48.4,7,1.43,164,核对在库、在途和货架容量后再创建补货单,derived-sales-pressure-not-inventory
CDLG,910010000,6,8,24.12,4,2.0,165,核对在库、在途和货架容量后再创建补货单,derived-sales-pressure-not-inventory
CDLG,910020403,8,8,55.56,5,1.6,166,核对在库、在途和货架容量后再创建补货单,derived-sales-pressure-not-inventory
CDLG,911010300,8,8,95.16,4,2.0,167,核对在库、在途和货架容量后再创建补货单,derived-sales-pressure-not-inventory
CDLG,913020003,8,8,158.36,5,1.6,168,核对在库、在途和货架容量后再创建补货单,derived-sales-pressure-not-inventory
CDLG,914050000,8,8,12.0,4,2.0,169,核对在库、在途和货架容量后再创建补货单,derived-sales-pressure-not-inventory
CDLG,914090002,8,8,377.36,6,1.33,170,核对在库、在途和货架容量后再创建补货单,derived-sales-pressure-not-inventory
CDLG,915030100,4,8,42.72,3,2.67,171,核对在库、在途和货架容量后再创建补货单,derived-sales-pressure-not-inventory
CDLG,924020000,20,8,92.62,12,0.67,172,核对在库、在途和货架容量后再创建补货单,derived-sales-pressure-not-inventory
CDLG,930020003,4,8,156.16,3,2.67,173,核对在库、在途和货架容量后再创建补货单,derived-sales-pressure-not-inventory
CDLG,930020102,8,8,80.16,5,1.6,174,核对在库、在途和货架容量后再创建补货单,derived-sales-pressure-not-inventory
CDLG,930020500,8,8,132.16,6,1.33,175,核对在库、在途和货架容量后再创建补货单,derived-sales-pressure-not-inventory
CDLG,931050202,8,8,72.76,6,1.33,176,核对在库、在途和货架容量后再创建补货单,derived-sales-pressure-not-inventory
CDLG,931060121,8,8,28.16,7,1.14,177,核对在库、在途和货架容量后再创建补货单,derived-sales-pressure-not-inventory
CDLG,931060301,8,8,25.48,4,2.0,178,核对在库、在途和货架容量后再创建补货单,derived-sales-pressure-not-inventory
CDLG,931080104,8,8,76.16,5,1.6,179,核对在库、在途和货架容量后再创建补货单,derived-sales-pressure-not-inventory
CDLG,936010002,8,8,36.16,6,1.33,180,核对在库、在途和货架容量后再创建补货单,derived-sales-pressure-not-inventory
CDNL,910020202,8,8,62.76,5,1.6,181,核对在库、在途和货架容量后再创建补货单,derived-sales-pressure-not-inventory
CDNL,912020106,8,8,9.6,5,1.6,182,核对在库、在途和货架容量后再创建补货单,derived-sales-pressure-not-inventory
CDNL,912030500,8,8,39.96,4,2.0,183,核对在库、在途和货架容量后再创建补货单,derived-sales-pressure-not-inventory
CDNL,914050005,8,8,14.4,5,1.6,184,核对在库、在途和货架容量后再创建补货单,derived-sales-pressure-not-inventory
CDNL,914090003,8,8,316.16,5,1.6,185,核对在库、在途和货架容量后再创建补货单,derived-sales-pressure-not-inventory
CDNL,914100001,8,8,44.16,5,1.6,186,核对在库、在途和货架容量后再创建补货单,derived-sales-pressure-not-inventory
CDNL,915000106,40,8,124.62,19,0.42,187,核对在库、在途和货架容量后再创建补货单,derived-sales-pressure-not-inventory
CDNL,915030102,4,8,79.84,4,2.0,188,核对在库、在途和货架容量后再创建补货单,derived-sales-pressure-not-inventory
CDNL,915030306,8,8,84.96,5,1.6,189,核对在库、在途和货架容量后再创建补货单,derived-sales-pressure-not-inventory
CDNL,922000005,22,8,22.4,12,0.67,190,核对在库、在途和货架容量后再创建补货单,derived-sales-pressure-not-inventory
CDNL,930010000,8,8,162.36,5,1.6,191,核对在库、在途和货架容量后再创建补货单,derived-sales-pressure-not-inventory
CDNL,930040001,8,8,108.16,6,1.33,192,核对在库、在途和货架容量后再创建补货单,derived-sales-pressure-not-inventory
CDNL,930040003,8,8,8.0,5,1.6,193,核对在库、在途和货架容量后再创建补货单,derived-sales-pressure-not-inventory
CDNL,930040200,8,8,236.16,5,1.6,194,核对在库、在途和货架容量后再创建补货单,derived-sales-pressure-not-inventory
CDXL,910010101,8,8,166.16,5,1.6,195,核对在库、在途和货架容量后再创建补货单,derived-sales-pressure-not-inventory
CDXL,911010100,8,8,224.16,7,1.14,196,核对在库、在途和货架容量后再创建补货单,derived-sales-pressure-not-inventory
CDXL,912020103,8,8,26.04,6,1.33,197,核对在库、在途和货架容量后再创建补货单,derived-sales-pressure-not-inventory
CDXL,912030500,10,8,36.16,6,1.33,198,核对在库、在途和货架容量后再创建补货单,derived-sales-pressure-not-inventory
CDXL,912500100,8,8,31.96,5,1.6,199,核对在库、在途和货架容量后再创建补货单,derived-sales-pressure-not-inventory
CDXL,914030001,8,8,58.36,6,1.33,200,核对在库、在途和货架容量后再创建补货单,derived-sales-pressure-not-inventory
CDXL,914030100,8,8,16.0,5,1.6,201,核对在库、在途和货架容量后再创建补货单,derived-sales-pressure-not-inventory
CDXL,914050002,8,8,16.0,5,1.6,202,核对在库、在途和货架容量后再创建补货单,derived-sales-pressure-not-inventory
CDXL,914070201,8,8,32.96,6,1.33,203,核对在库、在途和货架容量后再创建补货单,derived-sales-pressure-not-inventory
CDXL,914120301,8,8,24.96,4,2.0,204,核对在库、在途和货架容量后再创建补货单,derived-sales-pressure-not-inventory
CDXL,915010001,10,8,92.64,8,1.0,205,核对在库、在途和货架容量后再创建补货单,derived-sales-pressure-not-inventory
CDXL,922000103,16,8,116.36,10,0.8,206,核对在库、在途和货架容量后再创建补货单,derived-sales-pressure-not-inventory
CDXL,923000101,10,8,60.8,9,0.89,207,核对在库、在途和货架容量后再创建补货单,derived-sales-pressure-not-inventory
CDXL,924000000,14,8,188.76,10,0.8,208,核对在库、在途和货架容量后再创建补货单,derived-sales-pressure-not-inventory
CDXL,930010002,8,8,310.16,5,1.6,209,核对在库、在途和货架容量后再创建补货单,derived-sales-pressure-not-inventory
CDXL,930020600,8,8,45.52,5,1.6,210,核对在库、在途和货架容量后再创建补货单,derived-sales-pressure-not-inventory
CDXL,931050304,8,8,56.16,6,1.33,211,核对在库、在途和货架容量后再创建补货单,derived-sales-pressure-not-inventory
CDXL,931060000,8,8,88.16,6,1.33,212,核对在库、在途和货架容量后再创建补货单,derived-sales-pressure-not-inventory
CDXL,938030000,8,8,42.16,6,1.33,213,核对在库、在途和货架容量后再创建补货单,derived-sales-pressure-not-inventory
CDLG,911010100,6,6,129.52,5,1.2,214,核对在库、在途和货架容量后再创建补货单,derived-sales-pressure-not-inventory
CDLG,912030207,6,6,33.72,5,1.2,215,核对在库、在途和货架容量后再创建补货单,derived-sales-pressure-not-inventory
CDLG,912060403,22,6,132.1,12,0.5,216,核对在库、在途和货架容量后再创建补货单,derived-sales-pressure-not-inventory
CDLG,914020100,6,6,47.88,5,1.2,217,核对在库、在途和货架容量后再创建补货单,derived-sales-pressure-not-inventory
CDLG,914030100,4,6,14.0,3,2.0,218,核对在库、在途和货架容量后再创建补货单,derived-sales-pressure-not-inventory
CDLG,914090003,6,6,237.12,6,1.0,219,核对在库、在途和货架容量后再创建补货单,derived-sales-pressure-not-inventory
CDLG,914100002,6,6,19.32,4,1.5,220,核对在库、在途和货架容量后再创建补货单,derived-sales-pressure-not-inventory
CDLG,914110000,6,6,55.12,4,1.5,221,核对在库、在途和货架容量后再创建补货单,derived-sales-pressure-not-inventory
CDLG,914120302,6,6,34.92,4,1.5,222,核对在库、在途和货架容量后再创建补货单,derived-sales-pressure-not-inventory
CDLG,914120305,6,6,8.4,4,1.5,223,核对在库、在途和货架容量后再创建补货单,derived-sales-pressure-not-inventory
CDLG,915000103,10,6,80.48,7,0.86,224,核对在库、在途和货架容量后再创建补货单,derived-sales-pressure-not-inventory
CDLG,915020000,4,6,220.52,3,2.0,225,核对在库、在途和货架容量后再创建补货单,derived-sales-pressure-not-inventory
CDLG,915020002,6,6,60.8,5,1.2,226,核对在库、在途和货架容量后再创建补货单,derived-sales-pressure-not-inventory
CDLG,915030306,6,6,63.7,5,1.2,227,核对在库、在途和货架容量后再创建补货单,derived-sales-pressure-not-inventory
CDLG,924000000,14,6,157.48,8,0.75,228,核对在库、在途和货架容量后再创建补货单,derived-sales-pressure-not-inventory
CDLG,924000005,8,6,145.52,6,1.0,229,核对在库、在途和货架容量后再创建补货单,derived-sales-pressure-not-inventory
CDLG,930000202,6,6,82.92,6,1.0,230,核对在库、在途和货架容量后再创建补货单,derived-sales-pressure-not-inventory
CDLG,931000902,4,6,31.64,2,3.0,231,核对在库、在途和货架容量后再创建补货单,derived-sales-pressure-not-inventory
CDLG,931060206,6,6,33.12,5,1.2,232,核对在库、在途和货架容量后再创建补货单,derived-sales-pressure-not-inventory
CDLG,931060402,6,6,46.12,4,1.5,233,核对在库、在途和货架容量后再创建补货单,derived-sales-pressure-not-inventory
CDNL,910010000,6,6,24.72,4,1.5,234,核对在库、在途和货架容量后再创建补货单,derived-sales-pressure-not-inventory
CDNL,911000000,10,6,40.32,5,1.2,235,核对在库、在途和货架容量后再创建补货单,derived-sales-pressure-not-inventory
CDNL,912020100,6,6,23.12,4,1.5,236,核对在库、在途和货架容量后再创建补货单,derived-sales-pressure-not-inventory
CDNL,912030001,6,6,19.92,4,1.5,237,核对在库、在途和货架容量后再创建补货单,derived-sales-pressure-not-inventory
CDNL,913050103,6,6,18.72,4,1.5,238,核对在库、在途和货架容量后再创建补货单,derived-sales-pressure-not-inventory
CDNL,914040300,6,6,35.12,5,1.2,239,核对在库、在途和货架容量后再创建补货单,derived-sales-pressure-not-inventory
CDNL,930000204,6,6,115.12,5,1.2,240,核对在库、在途和货架容量后再创建补货单,derived-sales-pressure-not-inventory
CDNL,930010002,6,6,267.12,5,1.2,241,核对在库、在途和货架容量后再创建补货单,derived-sales-pressure-not-inventory
CDNL,930010003,6,6,67.12,4,1.5,242,核对在库、在途和货架容量后再创建补货单,derived-sales-pressure-not-inventory
CDNL,931020102,6,6,49.12,4,1.5,243,核对在库、在途和货架容量后再创建补货单,derived-sales-pressure-not-inventory
CDNL,931020105,6,6,57.12,3,2.0,244,核对在库、在途和货架容量后再创建补货单,derived-sales-pressure-not-inventory
CDNL,931050202,6,6,56.52,5,1.2,245,核对在库、在途和货架容量后再创建补货单,derived-sales-pressure-not-inventory
CDNL,936010000,6,6,54.32,4,1.5,246,核对在库、在途和货架容量后再创建补货单,derived-sales-pressure-not-inventory
CDNL,938030000,4,6,26.92,3,2.0,247,核对在库、在途和货架容量后再创建补货单,derived-sales-pressure-not-inventory
CDXL,910030203,6,6,29.32,5,1.2,248,核对在库、在途和货架容量后再创建补货单,derived-sales-pressure-not-inventory
CDXL,912030002,6,6,25.28,4,1.5,249,核对在库、在途和货架容量后再创建补货单,derived-sales-pressure-not-inventory
CDXL,914010001,6,6,47.72,4,1.5,250,核对在库、在途和货架容量后再创建补货单,derived-sales-pressure-not-inventory
CDXL,914020000,4,6,30.56,4,1.5,251,核对在库、在途和货架容量后再创建补货单,derived-sales-pressure-not-inventory
CDXL,914020100,6,6,9.0,4,1.5,252,核对在库、在途和货架容量后再创建补货单,derived-sales-pressure-not-inventory
CDXL,914020403,4,6,51.36,4,1.5,253,核对在库、在途和货架容量后再创建补货单,derived-sales-pressure-not-inventory
CDXL,914040004,6,6,34.12,4,1.5,254,核对在库、在途和货架容量后再创建补货单,derived-sales-pressure-not-inventory
CDXL,914070100,6,6,50.72,4,1.5,255,核对在库、在途和货架容量后再创建补货单,derived-sales-pressure-not-inventory
CDXL,914100003,6,6,34.72,4,1.5,256,核对在库、在途和货架容量后再创建补货单,derived-sales-pressure-not-inventory
CDXL,915000003,6,6,151.32,6,1.0,257,核对在库、在途和货架容量后再创建补货单,derived-sales-pressure-not-inventory
CDXL,915000106,26,6,149.96,17,0.35,258,核对在库、在途和货架容量后再创建补货单,derived-sales-pressure-not-inventory
CDXL,915020000,6,6,34.52,4,1.5,259,核对在库、在途和货架容量后再创建补货单,derived-sales-pressure-not-inventory
CDXL,915030001,6,6,329.72,3,2.0,260,核对在库、在途和货架容量后再创建补货单,derived-sales-pressure-not-inventory
CDXL,915030404,6,6,65.96,6,1.0,261,核对在库、在途和货架容量后再创建补货单,derived-sales-pressure-not-inventory
CDXL,924030001,8,6,189.58,6,1.0,262,核对在库、在途和货架容量后再创建补货单,derived-sales-pressure-not-inventory
CDXL,930010000,6,6,153.12,4,1.5,263,核对在库、在途和货架容量后再创建补货单,derived-sales-pressure-not-inventory
CDXL,930020100,6,6,59.92,5,1.2,264,核对在库、在途和货架容量后再创建补货单,derived-sales-pressure-not-inventory
CDXL,930020102,6,6,171.72,5,1.2,265,核对在库、在途和货架容量后再创建补货单,derived-sales-pressure-not-inventory
CDXL,930040101,2,6,11.4,2,3.0,266,核对在库、在途和货架容量后再创建补货单,derived-sales-pressure-not-inventory
CDXL,930040200,6,6,152.32,5,1.2,267,核对在库、在途和货架容量后再创建补货单,derived-sales-pressure-not-inventory
CDXL,931020102,6,6,49.12,4,1.5,268,核对在库、在途和货架容量后再创建补货单,derived-sales-pressure-not-inventory
CDXL,931020303,6,6,17.92,5,1.2,269,核对在库、在途和货架容量后再创建补货单,derived-sales-pressure-not-inventory
CDXL,931080003,6,6,45.32,5,1.2,270,核对在库、在途和货架容量后再创建补货单,derived-sales-pressure-not-inventory
CDLG,910010101,4,4,86.08,3,1.33,271,核对在库、在途和货架容量后再创建补货单,derived-sales-pressure-not-inventory
CDLG,910020208,4,4,19.28,3,1.33,272,核对在库、在途和货架容量后再创建补货单,derived-sales-pressure-not-inventory
CDLG,911010400,4,4,26.08,2,2.0,273,核对在库、在途和货架容量后再创建补货单,derived-sales-pressure-not-inventory
CDLG,912010002,4,4,4.0,3,1.33,274,核对在库、在途和货架容量后再创建补货单,derived-sales-pressure-not-inventory
CDLG,912020103,4,4,22.44,3,1.33,275,核对在库、在途和货架容量后再创建补货单,derived-sales-pressure-not-inventory
CDLG,912020104,12,4,33.28,6,0.67,276,核对在库、在途和货架容量后再创建补货单,derived-sales-pressure-not-inventory
CDLG,912020202,4,4,4.8,3,1.33,277,核对在库、在途和货架容量后再创建补货单,derived-sales-pressure-not-inventory
CDLG,912030004,4,4,44.68,3,1.33,278,核对在库、在途和货架容量后再创建补货单,derived-sales-pressure-not-inventory
CDLG,912030006,4,4,41.08,3,1.33,279,核对在库、在途和货架容量后再创建补货单,derived-sales-pressure-not-inventory
CDLG,912030301,4,4,59.28,3,1.33,280,核对在库、在途和货架容量后再创建补货单,derived-sales-pressure-not-inventory
CDLG,912040001,4,4,23.88,4,1.0,281,核对在库、在途和货架容量后再创建补货单,derived-sales-pressure-not-inventory
CDLG,912040008,4,4,23.28,4,1.0,282,核对在库、在途和货架容量后再创建补货单,derived-sales-pressure-not-inventory
CDLG,912040107,4,4,61.68,4,1.0,283,核对在库、在途和货架容量后再创建补货单,derived-sales-pressure-not-inventory
CDLG,912060301,6,4,101.26,5,0.8,284,核对在库、在途和货架容量后再创建补货单,derived-sales-pressure-not-inventory
CDLG,912080000,2,4,10.0,2,2.0,285,核对在库、在途和货架容量后再创建补货单,derived-sales-pressure-not-inventory
CDLG,913040000,4,4,66.48,3,1.33,286,核对在库、在途和货架容量后再创建补货单,derived-sales-pressure-not-inventory
CDLG,914000001,4,4,46.08,3,1.33,287,核对在库、在途和货架容量后再创建补货单,derived-sales-pressure-not-inventory
CDLG,914000002,4,4,34.28,4,1.0,288,核对在库、在途和货架容量后再创建补货单,derived-sales-pressure-not-inventory
CDLG,914020000,4,4,29.28,4,1.0,289,核对在库、在途和货架容量后再创建补货单,derived-sales-pressure-not-inventory
CDLG,914030202,4,4,22.88,3,1.33,290,核对在库、在途和货架容量后再创建补货单,derived-sales-pressure-not-inventory
CDLG,914040401,4,4,14.44,4,1.0,291,核对在库、在途和货架容量后再创建补货单,derived-sales-pressure-not-inventory
CDLG,914050300,4,4,8.48,3,1.33,292,核对在库、在途和货架容量后再创建补货单,derived-sales-pressure-not-inventory
CDLG,914070100,4,4,33.48,3,1.33,293,核对在库、在途和货架容量后再创建补货单,derived-sales-pressure-not-inventory
CDLG,914090006,4,4,362.08,3,1.33,294,核对在库、在途和货架容量后再创建补货单,derived-sales-pressure-not-inventory
CDLG,914110004,4,4,38.88,3,1.33,295,核对在库、在途和货架容量后再创建补货单,derived-sales-pressure-not-inventory
CDLG,915010001,4,4,46.3,4,1.0,296,核对在库、在途和货架容量后再创建补货单,derived-sales-pressure-not-inventory
CDLG,920000202,4,4,20.88,4,1.0,297,核对在库、在途和货架容量后再创建补货单,derived-sales-pressure-not-inventory
CDLG,921000000,4,4,32.08,3,1.33,298,核对在库、在途和货架容量后再创建补货单,derived-sales-pressure-not-inventory
CDLG,922000005,24,4,11.2,12,0.33,299,核对在库、在途和货架容量后再创建补货单,derived-sales-pressure-not-inventory
CDLG,930000204,4,4,66.08,3,1.33,300,核对在库、在途和货架容量后再创建补货单,derived-sales-pressure-not-inventory
CDLG,930040006,4,4,36.28,4,1.0,301,核对在库、在途和货架容量后再创建补货单,derived-sales-pressure-not-inventory
CDLG,930040100,4,4,16.28,3,1.33,302,核对在库、在途和货架容量后再创建补货单,derived-sales-pressure-not-inventory
CDLG,930040200,4,4,106.08,3,1.33,303,核对在库、在途和货架容量后再创建补货单,derived-sales-pressure-not-inventory
CDLG,931000200,4,4,18.08,3,1.33,304,核对在库、在途和货架容量后再创建补货单,derived-sales-pressure-not-inventory
CDLG,931020102,4,4,42.08,4,1.0,305,核对在库、在途和货架容量后再创建补货单,derived-sales-pressure-not-inventory
CDLG,931020303,4,4,10.0,3,1.33,306,核对在库、在途和货架容量后再创建补货单,derived-sales-pressure-not-inventory
CDLG,931050203,4,4,15.48,3,1.33,307,核对在库、在途和货架容量后再创建补货单,derived-sales-pressure-not-inventory
CDLG,931060403,4,4,12.04,4,1.0,308,核对在库、在途和货架容量后再创建补货单,derived-sales-pressure-not-inventory
CDLG,931070106,4,4,37.68,3,1.33,309,核对在库、在途和货架容量后再创建补货单,derived-sales-pressure-not-inventory
CDLG,931080205,4,4,19.88,3,1.33,310,核对在库、在途和货架容量后再创建补货单,derived-sales-pressure-not-inventory
CDNL,910010500,4,4,54.48,3,1.33,311,核对在库、在途和货架容量后再创建补货单,derived-sales-pressure-not-inventory
CDNL,910020404,4,4,19.28,3,1.33,312,核对在库、在途和货架容量后再创建补货单,derived-sales-pressure-not-inventory
CDNL,911010400,4,4,26.08,3,1.33,313,核对在库、在途和货架容量后再创建补货单,derived-sales-pressure-not-inventory
CDNL,912000107,4,4,14.08,3,1.33,314,核对在库、在途和货架容量后再创建补货单,derived-sales-pressure-not-inventory
CDNL,912010004,4,4,10.08,3,1.33,315,核对在库、在途和货架容量后再创建补货单,derived-sales-pressure-not-inventory
CDNL,912020102,4,4,8.0,3,1.33,316,核对在库、在途和货架容量后再创建补货单,derived-sales-pressure-not-inventory
CDNL,912020104,4,4,33.28,3,1.33,317,核对在库、在途和货架容量后再创建补货单,derived-sales-pressure-not-inventory
CDNL,912030206,4,4,12.0,3,1.33,318,核对在库、在途和货架容量后再创建补货单,derived-sales-pressure-not-inventory
CDNL,912030207,4,4,13.08,3,1.33,319,核对在库、在途和货架容量后再创建补货单,derived-sales-pressure-not-inventory
CDNL,912060301,18,4,101.28,12,0.33,320,核对在库、在途和货架容量后再创建补货单,derived-sales-pressure-not-inventory
CDNL,912060400,4,4,53.66,4,1.0,321,核对在库、在途和货架容量后再创建补货单,derived-sales-pressure-not-inventory
CDNL,912060403,10,4,77.68,5,0.8,322,核对在库、在途和货架容量后再创建补货单,derived-sales-pressure-not-inventory
CDNL,912080000,4,4,21.68,3,1.33,323,核对在库、在途和货架容量后再创建补货单,derived-sales-pressure-not-inventory
CDNL,912500303,4,4,58.48,3,1.33,324,核对在库、在途和货架容量后再创建补货单,derived-sales-pressure-not-inventory
CDNL,914000003,4,4,54.28,3,1.33,325,核对在库、在途和货架容量后再创建补货单,derived-sales-pressure-not-inventory
CDNL,914000100,4,4,18.28,3,1.33,326,核对在库、在途和货架容量后再创建补货单,derived-sales-pressure-not-inventory
CDNL,914000300,4,4,57.28,4,1.0,327,核对在库、在途和货架容量后再创建补货单,derived-sales-pressure-not-inventory
CDNL,914020100,4,4,36.88,4,1.0,328,核对在库、在途和货架容量后再创建补货单,derived-sales-pressure-not-inventory
CDNL,914030001,4,4,19.28,3,1.33,329,核对在库、在途和货架容量后再创建补货单,derived-sales-pressure-not-inventory
CDNL,914040001,4,4,26.48,4,1.0,330,核对在库、在途和货架容量后再创建补货单,derived-sales-pressure-not-inventory
CDNL,914040204,2,4,16.48,2,2.0,331,核对在库、在途和货架容量后再创建补货单,derived-sales-pressure-not-inventory
CDNL,914040302,4,4,32.08,4,1.0,332,核对在库、在途和货架容量后再创建补货单,derived-sales-pressure-not-inventory
CDNL,914090002,4,4,404.28,3,1.33,333,核对在库、在途和货架容量后再创建补货单,derived-sales-pressure-not-inventory
CDNL,914100104,4,4,9.28,3,1.33,334,核对在库、在途和货架容量后再创建补货单,derived-sales-pressure-not-inventory
CDNL,915020003,4,4,28.48,3,1.33,335,核对在库、在途和货架容量后再创建补货单,derived-sales-pressure-not-inventory
CDNL,915030301,6,4,32.76,4,1.0,336,核对在库、在途和货架容量后再创建补货单,derived-sales-pressure-not-inventory
CDNL,922000008,42,4,22.38,17,0.24,337,核对在库、在途和货架容量后再创建补货单,derived-sales-pressure-not-inventory
CDNL,922000103,8,4,23.58,4,1.0,338,核对在库、在途和货架容量后再创建补货单,derived-sales-pressure-not-inventory
CDNL,923000004,2,4,27.2,2,2.0,339,核对在库、在途和货架容量后再创建补货单,derived-sales-pressure-not-inventory
CDNL,923000010,4,4,30.4,2,2.0,340,核对在库、在途和货架容量后再创建补货单,derived-sales-pressure-not-inventory
CDNL,930010102,4,4,30.28,3,1.33,341,核对在库、在途和货架容量后再创建补货单,derived-sales-pressure-not-inventory
CDNL,930020003,2,4,122.6,2,2.0,342,核对在库、在途和货架容量后再创建补货单,derived-sales-pressure-not-inventory
CDNL,930020104,4,4,30.08,4,1.0,343,核对在库、在途和货架容量后再创建补货单,derived-sales-pressure-not-inventory
CDNL,930020600,4,4,14.08,4,1.0,344,核对在库、在途和货架容量后再创建补货单,derived-sales-pressure-not-inventory
CDNL,930040006,4,4,46.48,3,1.33,345,核对在库、在途和货架容量后再创建补货单,derived-sales-pressure-not-inventory
CDNL,930040100,4,4,17.48,3,1.33,346,核对在库、在途和货架容量后再创建补货单,derived-sales-pressure-not-inventory
CDNL,930040204,4,4,110.08,3,1.33,347,核对在库、在途和货架容量后再创建补货单,derived-sales-pressure-not-inventory
CDNL,931010101,4,4,30.08,3,1.33,348,核对在库、在途和货架容量后再创建补货单,derived-sales-pressure-not-inventory
CDNL,931030200,4,4,78.08,4,1.0,349,核对在库、在途和货架容量后再创建补货单,derived-sales-pressure-not-inventory
CDNL,931060000,4,4,46.08,3,1.33,350,核对在库、在途和货架容量后再创建补货单,derived-sales-pressure-not-inventory
CDNL,931060121,4,4,14.08,4,1.0,351,核对在库、在途和货架容量后再创建补货单,derived-sales-pressure-not-inventory
CDNL,931060122,4,4,38.08,4,1.0,352,核对在库、在途和货架容量后再创建补货单,derived-sales-pressure-not-inventory
CDNL,931070104,4,4,13.68,3,1.33,353,核对在库、在途和货架容量后再创建补货单,derived-sales-pressure-not-inventory
CDNL,931080003,4,4,20.08,4,1.0,354,核对在库、在途和货架容量后再创建补货单,derived-sales-pressure-not-inventory
CDNL,936010002,4,4,18.08,3,1.33,355,核对在库、在途和货架容量后再创建补货单,derived-sales-pressure-not-inventory
CDXL,910010500,4,4,54.48,3,1.33,356,核对在库、在途和货架容量后再创建补货单,derived-sales-pressure-not-inventory
CDXL,910020000,4,4,14.24,3,1.33,357,核对在库、在途和货架容量后再创建补货单,derived-sales-pressure-not-inventory
CDXL,910020302,4,4,22.08,3,1.33,358,核对在库、在途和货架容量后再创建补货单,derived-sales-pressure-not-inventory
CDXL,910030005,4,4,165.68,4,1.0,359,核对在库、在途和货架容量后再创建补货单,derived-sales-pressure-not-inventory
CDXL,912020101,4,4,49.68,3,1.33,360,核对在库、在途和货架容量后再创建补货单,derived-sales-pressure-not-inventory
CDXL,912020102,4,4,8.0,3,1.33,361,核对在库、在途和货架容量后再创建补货单,derived-sales-pressure-not-inventory
CDXL,912030001,4,4,13.28,4,1.0,362,核对在库、在途和货架容量后再创建补货单,derived-sales-pressure-not-inventory
CDXL,912030007,4,4,30.08,3,1.33,363,核对在库、在途和货架容量后再创建补货单,derived-sales-pressure-not-inventory
CDXL,912040004,4,4,21.48,3,1.33,364,核对在库、在途和货架容量后再创建补货单,derived-sales-pressure-not-inventory
CDXL,912060301,4,4,77.68,4,1.0,365,核对在库、在途和货架容量后再创建补货单,derived-sales-pressure-not-inventory
CDXL,912500204,4,4,13.48,3,1.33,366,核对在库、在途和货架容量后再创建补货单,derived-sales-pressure-not-inventory
CDXL,913040000,4,4,46.88,4,1.0,367,核对在库、在途和货架容量后再创建补货单,derived-sales-pressure-not-inventory
CDXL,914000001,4,4,30.68,3,1.33,368,核对在库、在途和货架容量后再创建补货单,derived-sales-pressure-not-inventory
CDXL,914000002,4,4,60.68,4,1.0,369,核对在库、在途和货架容量后再创建补货单,derived-sales-pressure-not-inventory
CDXL,914000003,4,4,54.08,3,1.33,370,核对在库、在途和货架容量后再创建补货单,derived-sales-pressure-not-inventory
CDXL,914000100,4,4,18.28,3,1.33,371,核对在库、在途和货架容量后再创建补货单,derived-sales-pressure-not-inventory
CDXL,914030005,4,4,26.48,3,1.33,372,核对在库、在途和货架容量后再创建补货单,derived-sales-pressure-not-inventory
CDXL,914040204,4,4,12.28,3,1.33,373,核对在库、在途和货架容量后再创建补货单,derived-sales-pressure-not-inventory
CDXL,914050001,4,4,9.68,3,1.33,374,核对在库、在途和货架容量后再创建补货单,derived-sales-pressure-not-inventory
CDXL,914050102,4,4,8.0,3,1.33,375,核对在库、在途和货架容量后再创建补货单,derived-sales-pressure-not-inventory
CDXL,914050500,4,4,30.08,4,1.0,376,核对在库、在途和货架容量后再创建补货单,derived-sales-pressure-not-inventory
CDXL,914050501,4,4,26.88,4,1.0,377,核对在库、在途和货架容量后再创建补货单,derived-sales-pressure-not-inventory
CDXL,914090003,4,4,238.08,3,1.33,378,核对在库、在途和货架容量后再创建补货单,derived-sales-pressure-not-inventory
CDXL,914110003,4,4,18.08,3,1.33,379,核对在库、在途和货架容量后再创建补货单,derived-sales-pressure-not-inventory
CDXL,914110004,4,4,10.48,3,1.33,380,核对在库、在途和货架容量后再创建补货单,derived-sales-pressure-not-inventory
CDXL,914110101,4,4,40.08,4,1.0,381,核对在库、在途和货架容量后再创建补货单,derived-sales-pressure-not-inventory
CDXL,914120101,2,4,4.48,2,2.0,382,核对在库、在途和货架容量后再创建补货单,derived-sales-pressure-not-inventory
CDXL,914120204,4,4,10.08,3,1.33,383,核对在库、在途和货架容量后再创建补货单,derived-sales-pressure-not-inventory
CDXL,915010004,4,4,53.68,4,1.0,384,核对在库、在途和货架容量后再创建补货单,derived-sales-pressure-not-inventory
CDXL,916050101,4,4,16.48,3,1.33,385,核对在库、在途和货架容量后再创建补货单,derived-sales-pressure-not-inventory
CDXL,920000202,6,4,20.88,3,1.33,386,核对在库、在途和货架容量后再创建补货单,derived-sales-pressure-not-inventory
CDXL,923000004,4,4,27.2,4,1.0,387,核对在库、在途和货架容量后再创建补货单,derived-sales-pressure-not-inventory
CDXL,924020002,6,4,158.44,5,0.8,388,核对在库、在途和货架容量后再创建补货单,derived-sales-pressure-not-inventory
CDXL,930020000,4,4,58.08,4,1.0,389,核对在库、在途和货架容量后再创建补货单,derived-sales-pressure-not-inventory
CDXL,931000503,4,4,10.08,3,1.33,390,核对在库、在途和货架容量后再创建补货单,derived-sales-pressure-not-inventory
CDXL,935010702,2,4,10.0,2,2.0,391,核对在库、在途和货架容量后再创建补货单,derived-sales-pressure-not-inventory
CDLG,910010301,2,2,137.24,2,1.0,392,核对在库、在途和货架容量后再创建补货单,derived-sales-pressure-not-inventory
CDLG,910020102,2,2,9.64,2,1.0,393,核对在库、在途和货架容量后再创建补货单,derived-sales-pressure-not-inventory
CDLG,910020202,2,2,19.04,2,1.0,394,核对在库、在途和货架容量后再创建补货单,derived-sales-pressure-not-inventory
CDLG,910020300,2,2,4.0,2,1.0,395,核对在库、在途和货架容量后再创建补货单,derived-sales-pressure-not-inventory
CDLG,910020404,2,2,11.24,2,1.0,396,核对在库、在途和货架容量后再创建补货单,derived-sales-pressure-not-inventory
CDLG,910030007,2,2,23.24,2,1.0,397,核对在库、在途和货架容量后再创建补货单,derived-sales-pressure-not-inventory
CDLG,911000002,2,2,58.84,2,1.0,398,核对在库、在途和货架容量后再创建补货单,derived-sales-pressure-not-inventory
CDLG,912000102,2,2,9.44,2,1.0,399,核对在库、在途和货架容量后再创建补货单,derived-sales-pressure-not-inventory
CDLG,912000104,2,2,7.44,2,1.0,400,核对在库、在途和货架容量后再创建补货单,derived-sales-pressure-not-inventory
CDLG,912010001,2,2,5.04,2,1.0,401,核对在库、在途和货架容量后再创建补货单,derived-sales-pressure-not-inventory
CDLG,912020100,2,2,9.84,2,1.0,402,核对在库、在途和货架容量后再创建补货单,derived-sales-pressure-not-inventory
CDLG,912020101,2,2,4.4,2,1.0,403,核对在库、在途和货架容量后再创建补货单,derived-sales-pressure-not-inventory
CDLG,912030000,2,2,12.04,2,1.0,404,核对在库、在途和货架容量后再创建补货单,derived-sales-pressure-not-inventory
CDLG,912030001,2,2,13.24,2,1.0,405,核对在库、在途和货架容量后再创建补货单,derived-sales-pressure-not-inventory
CDLG,912030005,2,2,10.64,2,1.0,406,核对在库、在途和货架容量后再创建补货单,derived-sales-pressure-not-inventory
CDLG,912030201,2,2,7.84,2,1.0,407,核对在库、在途和货架容量后再创建补货单,derived-sales-pressure-not-inventory
CDLG,912030205,2,2,6.4,2,1.0,408,核对在库、在途和货架容量后再创建补货单,derived-sales-pressure-not-inventory
CDLG,912030502,2,2,10.24,2,1.0,409,核对在库、在途和货架容量后再创建补货单,derived-sales-pressure-not-inventory
CDLG,912040003,2,2,15.64,2,1.0,410,核对在库、在途和货架容量后再创建补货单,derived-sales-pressure-not-inventory
CDLG,912040005,2,2,6.64,2,1.0,411,核对在库、在途和货架容量后再创建补货单,derived-sales-pressure-not-inventory
CDLG,912040202,2,2,29.04,2,1.0,412,核对在库、在途和货架容量后再创建补货单,derived-sales-pressure-not-inventory
CDLG,912050001,2,2,19.24,2,1.0,413,核对在库、在途和货架容量后再创建补货单,derived-sales-pressure-not-inventory
CDLG,912050002,2,2,4.4,2,1.0,414,核对在库、在途和货架容量后再创建补货单,derived-sales-pressure-not-inventory
CDLG,912060400,2,2,26.84,2,1.0,415,核对在库、在途和货架容量后再创建补货单,derived-sales-pressure-not-inventory
CDLG,912500100,2,2,7.24,2,1.0,416,核对在库、在途和货架容量后再创建补货单,derived-sales-pressure-not-inventory
CDLG,913020100,2,2,29.04,2,1.0,417,核对在库、在途和货架容量后再创建补货单,derived-sales-pressure-not-inventory
CDLG,914000003,2,2,37.04,2,1.0,418,核对在库、在途和货架容量后再创建补货单,derived-sales-pressure-not-inventory
CDLG,914000004,2,2,10.24,2,1.0,419,核对在库、在途和货架容量后再创建补货单,derived-sales-pressure-not-inventory
CDLG,914000201,2,2,17.64,2,1.0,420,核对在库、在途和货架容量后再创建补货单,derived-sales-pressure-not-inventory
CDLG,914000300,2,2,31.24,2,1.0,421,核对在库、在途和货架容量后再创建补货单,derived-sales-pressure-not-inventory
CDLG,914020200,2,2,25.24,2,1.0,422,核对在库、在途和货架容量后再创建补货单,derived-sales-pressure-not-inventory
CDLG,914020403,2,2,17.04,2,1.0,423,核对在库、在途和货架容量后再创建补货单,derived-sales-pressure-not-inventory
CDLG,914020404,2,2,37.24,2,1.0,424,核对在库、在途和货架容量后再创建补货单,derived-sales-pressure-not-inventory
CDLG,914030000,2,2,8.64,2,1.0,425,核对在库、在途和货架容量后再创建补货单,derived-sales-pressure-not-inventory
CDLG,914030001,2,2,10.64,2,1.0,426,核对在库、在途和货架容量后再创建补货单,derived-sales-pressure-not-inventory
CDLG,914030003,2,2,23.24,2,1.0,427,核对在库、在途和货架容量后再创建补货单,derived-sales-pressure-not-inventory
CDLG,914030200,2,2,19.44,2,1.0,428,核对在库、在途和货架容量后再创建补货单,derived-sales-pressure-not-inventory
CDLG,914040005,2,2,11.44,2,1.0,429,核对在库、在途和货架容量后再创建补货单,derived-sales-pressure-not-inventory
CDLG,914050001,2,2,3.0,2,1.0,430,核对在库、在途和货架容量后再创建补货单,derived-sales-pressure-not-inventory
CDLG,914050002,2,2,5.84,2,1.0,431,核对在库、在途和货架容量后再创建补货单,derived-sales-pressure-not-inventory
CDLG,914050004,2,2,4.24,2,1.0,432,核对在库、在途和货架容量后再创建补货单,derived-sales-pressure-not-inventory
CDLG,914050005,2,2,6.64,2,1.0,433,核对在库、在途和货架容量后再创建补货单,derived-sales-pressure-not-inventory
CDLG,914050006,2,2,3.0,2,1.0,434,核对在库、在途和货架容量后再创建补货单,derived-sales-pressure-not-inventory
CDLG,914090005,2,2,51.44,2,1.0,435,核对在库、在途和货架容量后再创建补货单,derived-sales-pressure-not-inventory
CDLG,914100004,2,2,24.64,2,1.0,436,核对在库、在途和货架容量后再创建补货单,derived-sales-pressure-not-inventory
CDLG,914100100,2,2,23.24,2,1.0,437,核对在库、在途和货架容量后再创建补货单,derived-sales-pressure-not-inventory
CDLG,915030001,2,2,105.24,2,1.0,438,核对在库、在途和货架容量后再创建补货单,derived-sales-pressure-not-inventory
CDLG,916010102,2,2,36.84,2,1.0,439,核对在库、在途和货架容量后再创建补货单,derived-sales-pressure-not-inventory
CDLG,923000010,2,2,15.2,2,1.0,440,核对在库、在途和货架容量后再创建补货单,derived-sales-pressure-not-inventory
CDLG,924020002,10,2,25.24,8,0.25,441,核对在库、在途和货架容量后再创建补货单,derived-sales-pressure-not-inventory
CDLG,924030000,2,2,31.2,2,1.0,442,核对在库、在途和货架容量后再创建补货单,derived-sales-pressure-not-inventory
CDLG,924030001,2,2,63.22,2,1.0,443,核对在库、在途和货架容量后再创建补货单,derived-sales-pressure-not-inventory
CDLG,930000100,2,2,55.04,2,1.0,444,核对在库、在途和货架容量后再创建补货单,derived-sales-pressure-not-inventory
CDLG,930000203,2,2,18.44,2,1.0,445,核对在库、在途和货架容量后再创建补货单,derived-sales-pressure-not-inventory
CDLG,930010003,2,2,19.04,2,1.0,446,核对在库、在途和货架容量后再创建补货单,derived-sales-pressure-not-inventory
CDLG,930010008,2,2,51.04,2,1.0,447,核对在库、在途和货架容量后再创建补货单,derived-sales-pressure-not-inventory
CDLG,930010102,2,2,11.04,2,1.0,448,核对在库、在途和货架容量后再创建补货单,derived-sales-pressure-not-inventory
CDLG,930020101,2,2,8.24,2,1.0,449,核对在库、在途和货架容量后再创建补货单,derived-sales-pressure-not-inventory
CDLG,930020600,2,2,5.04,2,1.0,450,核对在库、在途和货架容量后再创建补货单,derived-sales-pressure-not-inventory
CDLG,930020700,2,2,6.84,2,1.0,451,核对在库、在途和货架容量后再创建补货单,derived-sales-pressure-not-inventory
CDLG,930040002,2,2,28.44,2,1.0,452,核对在库、在途和货架容量后再创建补货单,derived-sales-pressure-not-inventory
CDLG,930040003,2,2,27.04,2,1.0,453,核对在库、在途和货架容量后再创建补货单,derived-sales-pressure-not-inventory
CDLG,930040010,2,2,29.24,2,1.0,454,核对在库、在途和货架容量后再创建补货单,derived-sales-pressure-not-inventory
CDLG,931010003,2,2,9.64,2,1.0,455,核对在库、在途和货架容量后再创建补货单,derived-sales-pressure-not-inventory
CDLG,931010101,2,2,15.04,2,1.0,456,核对在库、在途和货架容量后再创建补货单,derived-sales-pressure-not-inventory
CDLG,931010103,2,2,13.04,2,1.0,457,核对在库、在途和货架容量后再创建补货单,derived-sales-pressure-not-inventory
CDLG,931010400,2,2,30.64,2,1.0,458,核对在库、在途和货架容量后再创建补货单,derived-sales-pressure-not-inventory
CDLG,931020000,2,2,8.44,2,1.0,459,核对在库、在途和货架容量后再创建补货单,derived-sales-pressure-not-inventory
CDLG,931050100,2,2,71.04,2,1.0,460,核对在库、在途和货架容量后再创建补货单,derived-sales-pressure-not-inventory
CDLG,931050304,2,2,31.04,2,1.0,461,核对在库、在途和货架容量后再创建补货单,derived-sales-pressure-not-inventory
CDLG,931060300,2,2,11.04,2,1.0,462,核对在库、在途和货架容量后再创建补货单,derived-sales-pressure-not-inventory
CDLG,931060302,2,2,5.8,2,1.0,463,核对在库、在途和货架容量后再创建补货单,derived-sales-pressure-not-inventory
CDLG,931070100,2,2,11.04,2,1.0,464,核对在库、在途和货架容量后再创建补货单,derived-sales-pressure-not-inventory
CDLG,931080000,2,2,7.04,2,1.0,465,核对在库、在途和货架容量后再创建补货单,derived-sales-pressure-not-inventory
CDLG,931080103,2,2,9.64,2,1.0,466,核对在库、在途和货架容量后再创建补货单,derived-sales-pressure-not-inventory
CDLG,935011001,2,2,45.04,2,1.0,467,核对在库、在途和货架容量后再创建补货单,derived-sales-pressure-not-inventory
CDLG,935020101,2,2,59.04,2,1.0,468,核对在库、在途和货架容量后再创建补货单,derived-sales-pressure-not-inventory
CDLG,936000101,2,2,98.84,2,1.0,469,核对在库、在途和货架容量后再创建补货单,derived-sales-pressure-not-inventory
CDLG,936000501,2,2,26.84,2,1.0,470,核对在库、在途和货架容量后再创建补货单,derived-sales-pressure-not-inventory
CDLG,936030100,2,2,77.24,2,1.0,471,核对在库、在途和货架容量后再创建补货单,derived-sales-pressure-not-inventory
CDLG,936050100,2,2,58.84,2,1.0,472,核对在库、在途和货架容量后再创建补货单,derived-sales-pressure-not-inventory
CDLG,936080103,2,2,8.24,2,1.0,473,核对在库、在途和货架容量后再创建补货单,derived-sales-pressure-not-inventory
CDLG,938030000,2,2,25.04,2,1.0,474,核对在库、在途和货架容量后再创建补货单,derived-sales-pressure-not-inventory
CDNL,910010301,2,2,90.84,2,1.0,475,核对在库、在途和货架容量后再创建补货单,derived-sales-pressure-not-inventory
CDNL,910010400,2,2,18.64,2,1.0,476,核对在库、在途和货架容量后再创建补货单,derived-sales-pressure-not-inventory
CDNL,910020000,2,2,1.6,2,1.0,477,核对在库、在途和货架容量后再创建补货单,derived-sales-pressure-not-inventory
CDNL,910020204,2,2,19.04,2,1.0,478,核对在库、在途和货架容量后再创建补货单,derived-sales-pressure-not-inventory
CDNL,910020208,2,2,24.24,2,1.0,479,核对在库、在途和货架容量后再创建补货单,derived-sales-pressure-not-inventory
CDNL,910020302,2,2,5.24,2,1.0,480,核对在库、在途和货架容量后再创建补货单,derived-sales-pressure-not-inventory
CDNL,910030103,2,2,6.64,2,1.0,481,核对在库、在途和货架容量后再创建补货单,derived-sales-pressure-not-inventory
CDNL,910030104,2,2,7.64,2,1.0,482,核对在库、在途和货架容量后再创建补货单,derived-sales-pressure-not-inventory
CDNL,910030201,2,2,18.04,2,1.0,483,核对在库、在途和货架容量后再创建补货单,derived-sales-pressure-not-inventory
CDNL,911010300,2,2,15.04,2,1.0,484,核对在库、在途和货架容量后再创建补货单,derived-sales-pressure-not-inventory
CDNL,912000100,2,2,10.84,2,1.0,485,核对在库、在途和货架容量后再创建补货单,derived-sales-pressure-not-inventory
CDNL,912000104,2,2,11.44,2,1.0,486,核对在库、在途和货架容量后再创建补货单,derived-sales-pressure-not-inventory
CDNL,912020101,2,2,17.44,2,1.0,487,核对在库、在途和货架容量后再创建补货单,derived-sales-pressure-not-inventory
CDNL,912020103,2,2,10.64,2,1.0,488,核对在库、在途和货架容量后再创建补货单,derived-sales-pressure-not-inventory
CDNL,912020200,2,2,9.64,2,1.0,489,核对在库、在途和货架容量后再创建补货单,derived-sales-pressure-not-inventory
CDNL,912020201,2,2,13.64,2,1.0,490,核对在库、在途和货架容量后再创建补货单,derived-sales-pressure-not-inventory
CDNL,912030004,2,2,32.64,2,1.0,491,核对在库、在途和货架容量后再创建补货单,derived-sales-pressure-not-inventory
CDNL,912030006,2,2,6.04,2,1.0,492,核对在库、在途和货架容量后再创建补货单,derived-sales-pressure-not-inventory
CDNL,912030007,2,2,6.64,2,1.0,493,核对在库、在途和货架容量后再创建补货单,derived-sales-pressure-not-inventory
CDNL,912030200,2,2,6.4,2,1.0,494,核对在库、在途和货架容量后再创建补货单,derived-sales-pressure-not-inventory
CDNL,912030601,2,2,13.44,2,1.0,495,核对在库、在途和货架容量后再创建补货单,derived-sales-pressure-not-inventory
CDNL,912040001,2,2,7.04,2,1.0,496,核对在库、在途和货架容量后再创建补货单,derived-sales-pressure-not-inventory
CDNL,912040002,2,2,9.64,2,1.0,497,核对在库、在途和货架容量后再创建补货单,derived-sales-pressure-not-inventory
CDNL,912040005,2,2,2.4,2,1.0,498,核对在库、在途和货架容量后再创建补货单,derived-sales-pressure-not-inventory
CDNL,912040006,2,2,18.64,2,1.0,499,核对在库、在途和货架容量后再创建补货单,derived-sales-pressure-not-inventory
CDNL,912040007,2,2,8.64,2,1.0,500,核对在库、在途和货架容量后再创建补货单,derived-sales-pressure-not-inventory
CDNL,912040105,2,2,15.44,2,1.0,501,核对在库、在途和货架容量后再创建补货单,derived-sales-pressure-not-inventory
CDNL,912040107,2,2,15.44,2,1.0,502,核对在库、在途和货架容量后再创建补货单,derived-sales-pressure-not-inventory
CDNL,912040201,2,2,11.24,2,1.0,503,核对在库、在途和货架容量后再创建补货单,derived-sales-pressure-not-inventory
CDNL,912040202,2,2,29.04,2,1.0,504,核对在库、在途和货架容量后再创建补货单,derived-sales-pressure-not-inventory
CDNL,912500204,2,2,58.84,2,1.0,505,核对在库、在途和货架容量后再创建补货单,derived-sales-pressure-not-inventory
CDNL,913020000,2,2,33.24,2,1.0,506,核对在库、在途和货架容量后再创建补货单,derived-sales-pressure-not-inventory
CDNL,913020003,2,2,47.24,2,1.0,507,核对在库、在途和货架容量后再创建补货单,derived-sales-pressure-not-inventory
CDNL,913050002,2,2,75.64,2,1.0,508,核对在库、在途和货架容量后再创建补货单,derived-sales-pressure-not-inventory
CDNL,914000001,6,2,19.04,5,0.4,509,核对在库、在途和货架容量后再创建补货单,derived-sales-pressure-not-inventory
CDNL,914000002,2,2,19.04,2,1.0,510,核对在库、在途和货架容量后再创建补货单,derived-sales-pressure-not-inventory
CDNL,914000504,2,2,25.84,2,1.0,511,核对在库、在途和货架容量后再创建补货单,derived-sales-pressure-not-inventory
CDNL,914020000,2,2,9.04,2,1.0,512,核对在库、在途和货架容量后再创建补货单,derived-sales-pressure-not-inventory
CDNL,914020201,2,2,5.64,2,1.0,513,核对在库、在途和货架容量后再创建补货单,derived-sales-pressure-not-inventory
CDNL,914020403,2,2,17.04,2,1.0,514,核对在库、在途和货架容量后再创建补货单,derived-sales-pressure-not-inventory
CDNL,914030002,2,2,10.64,2,1.0,515,核对在库、在途和货架容量后再创建补货单,derived-sales-pressure-not-inventory
CDNL,914040100,2,2,19.44,2,1.0,516,核对在库、在途和货架容量后再创建补货单,derived-sales-pressure-not-inventory
CDNL,914040401,2,2,6.2,2,1.0,517,核对在库、在途和货架容量后再创建补货单,derived-sales-pressure-not-inventory
CDNL,914050008,2,2,7.44,2,1.0,518,核对在库、在途和货架容量后再创建补货单,derived-sales-pressure-not-inventory
CDNL,914070100,2,2,20.84,2,1.0,519,核对在库、在途和货架容量后再创建补货单,derived-sales-pressure-not-inventory
CDNL,914080001,2,2,19.04,2,1.0,520,核对在库、在途和货架容量后再创建补货单,derived-sales-pressure-not-inventory
CDNL,914090006,2,2,151.04,2,1.0,521,核对在库、在途和货架容量后再创建补货单,derived-sales-pressure-not-inventory
CDNL,914100003,2,2,11.24,2,1.0,522,核对在库、在途和货架容量后再创建补货单,derived-sales-pressure-not-inventory
CDNL,914100004,2,2,29.64,2,1.0,523,核对在库、在途和货架容量后再创建补货单,derived-sales-pressure-not-inventory
CDNL,914110004,2,2,12.24,2,1.0,524,核对在库、在途和货架容量后再创建补货单,derived-sales-pressure-not-inventory
CDNL,914120204,2,2,29.24,2,1.0,525,核对在库、在途和货架容量后再创建补货单,derived-sales-pressure-not-inventory
CDNL,915000003,10,2,50.44,6,0.33,526,核对在库、在途和货架容量后再创建补货单,derived-sales-pressure-not-inventory
CDNL,915000100,12,2,94.78,8,0.25,527,核对在库、在途和货架容量后再创建补货单,derived-sales-pressure-not-inventory
CDNL,915000103,8,2,26.84,5,0.4,528,核对在库、在途和货架容量后再创建补货单,derived-sales-pressure-not-inventory
CDNL,915020001,2,2,15.16,2,1.0,529,核对在库、在途和货架容量后再创建补货单,derived-sales-pressure-not-inventory
CDNL,915020002,2,2,12.84,2,1.0,530,核对在库、在途和货架容量后再创建补货单,derived-sales-pressure-not-inventory
CDNL,915030000,2,2,119.04,2,1.0,531,核对在库、在途和货架容量后再创建补货单,derived-sales-pressure-not-inventory
CDNL,915030001,2,2,105.24,2,1.0,532,核对在库、在途和货架容量后再创建补货单,derived-sales-pressure-not-inventory
CDNL,915030202,2,2,21.96,2,1.0,533,核对在库、在途和货架容量后再创建补货单,derived-sales-pressure-not-inventory
CDNL,915030300,4,2,24.76,3,0.67,534,核对在库、在途和货架容量后再创建补货单,derived-sales-pressure-not-inventory
CDNL,915030303,2,2,27.16,2,1.0,535,核对在库、在途和货架容量后再创建补货单,derived-sales-pressure-not-inventory
CDNL,915030402,2,2,13.96,2,1.0,536,核对在库、在途和货架容量后再创建补货单,derived-sales-pressure-not-inventory
CDNL,916020301,2,2,14.24,2,1.0,537,核对在库、在途和货架容量后再创建补货单,derived-sales-pressure-not-inventory
CDNL,923010000,2,2,58.8,2,1.0,538,核对在库、在途和货架容量后再创建补货单,derived-sales-pressure-not-inventory
CDNL,924030000,2,2,31.2,2,1.0,539,核对在库、在途和货架容量后再创建补货单,derived-sales-pressure-not-inventory
CDNL,930000000,2,2,8.24,2,1.0,540,核对在库、在途和货架容量后再创建补货单,derived-sales-pressure-not-inventory
CDNL,930000301,2,2,7.04,2,1.0,541,核对在库、在途和货架容量后再创建补货单,derived-sales-pressure-not-inventory
CDNL,930020102,2,2,21.04,2,1.0,542,核对在库、在途和货架容量后再创建补货单,derived-sales-pressure-not-inventory
CDNL,930040002,2,2,19.04,2,1.0,543,核对在库、在途和货架容量后再创建补货单,derived-sales-pressure-not-inventory
CDNL,930040206,2,2,45.04,2,1.0,544,核对在库、在途和货架容量后再创建补货单,derived-sales-pressure-not-inventory
CDNL,931000003,2,2,16.24,2,1.0,545,核对在库、在途和货架容量后再创建补货单,derived-sales-pressure-not-inventory
CDNL,931000200,2,2,9.04,2,1.0,546,核对在库、在途和货架容量后再创建补货单,derived-sales-pressure-not-inventory
CDNL,931000301,2,2,28.24,2,1.0,547,核对在库、在途和货架容量后再创建补货单,derived-sales-pressure-not-inventory
CDNL,931000503,2,2,7.04,2,1.0,548,核对在库、在途和货架容量后再创建补货单,derived-sales-pressure-not-inventory
CDNL,931020303,2,2,13.84,2,1.0,549,核对在库、在途和货架容量后再创建补货单,derived-sales-pressure-not-inventory
CDNL,931050304,2,2,9.04,2,1.0,550,核对在库、在途和货架容量后再创建补货单,derived-sales-pressure-not-inventory
CDNL,931060101,2,2,54.44,2,1.0,551,核对在库、在途和货架容量后再创建补货单,derived-sales-pressure-not-inventory
CDNL,931060107,2,2,23.04,2,1.0,552,核对在库、在途和货架容量后再创建补货单,derived-sales-pressure-not-inventory
CDNL,931060119,2,2,31.04,2,1.0,553,核对在库、在途和货架容量后再创建补货单,derived-sales-pressure-not-inventory
CDNL,931060302,2,2,13.04,2,1.0,554,核对在库、在途和货架容量后再创建补货单,derived-sales-pressure-not-inventory
CDNL,931070003,2,2,59.04,2,1.0,555,核对在库、在途和货架容量后再创建补货单,derived-sales-pressure-not-inventory
CDNL,931070100,2,2,11.04,2,1.0,556,核对在库、在途和货架容量后再创建补货单,derived-sales-pressure-not-inventory
CDNL,931080001,2,2,36.24,2,1.0,557,核对在库、在途和货架容量后再创建补货单,derived-sales-pressure-not-inventory
CDNL,931080004,2,2,15.04,2,1.0,558,核对在库、在途和货架容量后再创建补货单,derived-sales-pressure-not-inventory
CDNL,931080202,2,2,5.0,2,1.0,559,核对在库、在途和货架容量后再创建补货单,derived-sales-pressure-not-inventory
CDNL,931080205,2,2,10.24,2,1.0,560,核对在库、在途和货架容量后再创建补货单,derived-sales-pressure-not-inventory
CDNL,931080401,2,2,52.24,2,1.0,561,核对在库、在途和货架容量后再创建补货单,derived-sales-pressure-not-inventory
CDNL,932010109,2,2,5.0,2,1.0,562,核对在库、在途和货架容量后再创建补货单,derived-sales-pressure-not-inventory
CDNL,936000500,2,2,36.84,2,1.0,563,核对在库、在途和货架容量后再创建补货单,derived-sales-pressure-not-inventory
CDXL,910010002,2,2,5.0,2,1.0,564,核对在库、在途和货架容量后再创建补货单,derived-sales-pressure-not-inventory
CDXL,910020104,2,2,7.64,2,1.0,565,核对在库、在途和货架容量后再创建补货单,derived-sales-pressure-not-inventory
CDXL,910020105,2,2,6.24,2,1.0,566,核对在库、在途和货架容量后再创建补货单,derived-sales-pressure-not-inventory
CDXL,910020202,2,2,19.04,2,1.0,567,核对在库、在途和货架容量后再创建补货单,derived-sales-pressure-not-inventory
CDXL,910020208,2,2,24.24,2,1.0,568,核对在库、在途和货架容量后再创建补货单,derived-sales-pressure-not-inventory
CDXL,910020404,2,2,15.64,2,1.0,569,核对在库、在途和货架容量后再创建补货单,derived-sales-pressure-not-inventory
CDXL,910030007,2,2,9.24,2,1.0,570,核对在库、在途和货架容量后再创建补货单,derived-sales-pressure-not-inventory
CDXL,911010002,2,2,35.24,2,1.0,571,核对在库、在途和货架容量后再创建补货单,derived-sales-pressure-not-inventory
CDXL,911010500,2,2,39.24,2,1.0,572,核对在库、在途和货架容量后再创建补货单,derived-sales-pressure-not-inventory
CDXL,912000103,4,2,25.24,4,0.5,573,核对在库、在途和货架容量后再创建补货单,derived-sales-pressure-not-inventory
CDXL,912000104,2,2,5.4,2,1.0,574,核对在库、在途和货架容量后再创建补货单,derived-sales-pressure-not-inventory
CDXL,912000109,2,2,11.44,2,1.0,575,核对在库、在途和货架容量后再创建补货单,derived-sales-pressure-not-inventory
CDXL,912020100,2,2,9.84,2,1.0,576,核对在库、在途和货架容量后再创建补货单,derived-sales-pressure-not-inventory
CDXL,912020104,2,2,12.64,2,1.0,577,核对在库、在途和货架容量后再创建补货单,derived-sales-pressure-not-inventory
CDXL,912020107,2,2,21.24,2,1.0,578,核对在库、在途和货架容量后再创建补货单,derived-sales-pressure-not-inventory
CDXL,912020300,2,2,10.84,2,1.0,579,核对在库、在途和货架容量后再创建补货单,derived-sales-pressure-not-inventory
CDXL,912030006,2,2,12.04,2,1.0,580,核对在库、在途和货架容量后再创建补货单,derived-sales-pressure-not-inventory
CDXL,912030207,2,2,6.24,2,1.0,581,核对在库、在途和货架容量后再创建补货单,derived-sales-pressure-not-inventory
CDXL,912030602,2,2,27.24,2,1.0,582,核对在库、在途和货架容量后再创建补货单,derived-sales-pressure-not-inventory
CDXL,912040002,2,2,4.0,2,1.0,583,核对在库、在途和货架容量后再创建补货单,derived-sales-pressure-not-inventory
CDXL,912040003,2,2,10.44,2,1.0,584,核对在库、在途和货架容量后再创建补货单,derived-sales-pressure-not-inventory
CDXL,912040005,2,2,10.64,2,1.0,585,核对在库、在途和货架容量后再创建补货单,derived-sales-pressure-not-inventory
CDXL,912040008,2,2,10.44,2,1.0,586,核对在库、在途和货架容量后再创建补货单,derived-sales-pressure-not-inventory
CDXL,912040106,2,2,15.44,2,1.0,587,核对在库、在途和货架容量后再创建补货单,derived-sales-pressure-not-inventory
CDXL,912040107,2,2,46.24,2,1.0,588,核对在库、在途和货架容量后再创建补货单,derived-sales-pressure-not-inventory
CDXL,912040202,2,2,19.04,2,1.0,589,核对在库、在途和货架容量后再创建补货单,derived-sales-pressure-not-inventory
CDXL,912060003,2,2,62.4,2,1.0,590,核对在库、在途和货架容量后再创建补货单,derived-sales-pressure-not-inventory
CDXL,912060403,14,2,38.84,9,0.22,591,核对在库、在途和货架容量后再创建补货单,derived-sales-pressure-not-inventory
CDXL,912500201,2,2,12.24,2,1.0,592,核对在库、在途和货架容量后再创建补货单,derived-sales-pressure-not-inventory
CDXL,912500301,2,2,13.24,2,1.0,593,核对在库、在途和货架容量后再创建补货单,derived-sales-pressure-not-inventory
CDXL,913020003,2,2,44.84,2,1.0,594,核对在库、在途和货架容量后再创建补货单,derived-sales-pressure-not-inventory
CDXL,913020100,2,2,33.24,2,1.0,595,核对在库、在途和货架容量后再创建补货单,derived-sales-pressure-not-inventory
CDXL,913030100,2,2,13.44,2,1.0,596,核对在库、在途和货架容量后再创建补货单,derived-sales-pressure-not-inventory
CDXL,913050103,2,2,6.64,2,1.0,597,核对在库、在途和货架容量后再创建补货单,derived-sales-pressure-not-inventory
CDXL,914000000,2,2,14.84,2,1.0,598,核对在库、在途和货架容量后再创建补货单,derived-sales-pressure-not-inventory
CDXL,914000004,2,2,10.24,2,1.0,599,核对在库、在途和货架容量后再创建补货单,derived-sales-pressure-not-inventory
CDXL,914000200,2,2,15.24,2,1.0,600,核对在库、在途和货架容量后再创建补货单,derived-sales-pressure-not-inventory
CDXL,914000201,2,2,11.04,2,1.0,601,核对在库、在途和货架容量后再创建补货单,derived-sales-pressure-not-inventory
CDXL,914000300,2,2,19.04,2,1.0,602,核对在库、在途和货架容量后再创建补货单,derived-sales-pressure-not-inventory
CDXL,914020401,2,2,6.24,2,1.0,603,核对在库、在途和货架容量后再创建补货单,derived-sales-pressure-not-inventory
CDXL,914020402,2,2,17.24,2,1.0,604,核对在库、在途和货架容量后再创建补货单,derived-sales-pressure-not-inventory
CDXL,914030000,2,2,7.64,2,1.0,605,核对在库、在途和货架容量后再创建补货单,derived-sales-pressure-not-inventory
CDXL,914040005,2,2,11.44,2,1.0,606,核对在库、在途和货架容量后再创建补货单,derived-sales-pressure-not-inventory
CDXL,914040100,2,2,19.44,2,1.0,607,核对在库、在途和货架容量后再创建补货单,derived-sales-pressure-not-inventory
CDXL,914040302,2,2,13.44,2,1.0,608,核对在库、在途和货架容量后再创建补货单,derived-sales-pressure-not-inventory
CDXL,914040401,2,2,7.64,2,1.0,609,核对在库、在途和货架容量后再创建补货单,derived-sales-pressure-not-inventory
CDXL,914060000,2,2,28.84,2,1.0,610,核对在库、在途和货架容量后再创建补货单,derived-sales-pressure-not-inventory
CDXL,914100002,2,2,15.64,2,1.0,611,核对在库、在途和货架容量后再创建补货单,derived-sales-pressure-not-inventory
CDXL,914120302,2,2,11.64,2,1.0,612,核对在库、在途和货架容量后再创建补货单,derived-sales-pressure-not-inventory
CDXL,915000101,4,2,94.84,4,0.5,613,核对在库、在途和货架容量后再创建补货单,derived-sales-pressure-not-inventory
CDXL,915020001,2,2,15.16,2,1.0,614,核对在库、在途和货架容量后再创建补货单,derived-sales-pressure-not-inventory
CDXL,915020002,4,2,12.24,4,0.5,615,核对在库、在途和货架容量后再创建补货单,derived-sales-pressure-not-inventory
CDXL,915020003,2,2,14.24,2,1.0,616,核对在库、在途和货架容量后再创建补货单,derived-sales-pressure-not-inventory
CDXL,915030100,2,2,10.68,2,1.0,617,核对在库、在途和货架容量后再创建补货单,derived-sales-pressure-not-inventory
CDXL,915030305,2,2,19.56,2,1.0,618,核对在库、在途和货架容量后再创建补货单,derived-sales-pressure-not-inventory
CDXL,921000000,2,2,25.04,2,1.0,619,核对在库、在途和货架容量后再创建补货单,derived-sales-pressure-not-inventory
CDXL,923000008,2,2,13.6,2,1.0,620,核对在库、在途和货架容量后再创建补货单,derived-sales-pressure-not-inventory
CDXL,923000010,4,2,15.18,3,0.67,621,核对在库、在途和货架容量后再创建补货单,derived-sales-pressure-not-inventory
CDXL,930000202,2,2,19.04,2,1.0,622,核对在库、在途和货架容量后再创建补货单,derived-sales-pressure-not-inventory
CDXL,930020101,2,2,14.24,2,1.0,623,核对在库、在途和货架容量后再创建补货单,derived-sales-pressure-not-inventory
CDXL,930020700,2,2,33.04,2,1.0,624,核对在库、在途和货架容量后再创建补货单,derived-sales-pressure-not-inventory
CDXL,930040005,2,2,17.04,2,1.0,625,核对在库、在途和货架容量后再创建补货单,derived-sales-pressure-not-inventory
CDXL,930040006,2,2,7.04,2,1.0,626,核对在库、在途和货架容量后再创建补货单,derived-sales-pressure-not-inventory
CDXL,930040007,2,2,9.04,2,1.0,627,核对在库、在途和货架容量后再创建补货单,derived-sales-pressure-not-inventory
CDXL,930040104,2,2,39.04,2,1.0,628,核对在库、在途和货架容量后再创建补货单,derived-sales-pressure-not-inventory
CDXL,930040204,2,2,15.04,2,1.0,629,核对在库、在途和货架容量后再创建补货单,derived-sales-pressure-not-inventory
CDXL,930040206,2,2,45.04,2,1.0,630,核对在库、在途和货架容量后再创建补货单,derived-sales-pressure-not-inventory
CDXL,931010003,2,2,10.64,2,1.0,631,核对在库、在途和货架容量后再创建补货单,derived-sales-pressure-not-inventory
CDXL,931010103,2,2,13.04,2,1.0,632,核对在库、在途和货架容量后再创建补货单,derived-sales-pressure-not-inventory
CDXL,931030500,2,2,99.04,2,1.0,633,核对在库、在途和货架容量后再创建补货单,derived-sales-pressure-not-inventory
CDXL,931050100,2,2,29.04,2,1.0,634,核对在库、在途和货架容量后再创建补货单,derived-sales-pressure-not-inventory
CDXL,931050202,2,2,21.04,2,1.0,635,核对在库、在途和货架容量后再创建补货单,derived-sales-pressure-not-inventory
CDXL,931060121,2,2,7.04,2,1.0,636,核对在库、在途和货架容量后再创建补货单,derived-sales-pressure-not-inventory
CDXL,931060126,2,2,11.04,2,1.0,637,核对在库、在途和货架容量后再创建补货单,derived-sales-pressure-not-inventory
CDXL,931060301,2,2,12.24,2,1.0,638,核对在库、在途和货架容量后再创建补货单,derived-sales-pressure-not-inventory
CDXL,931060402,2,2,21.04,2,1.0,639,核对在库、在途和货架容量后再创建补货单,derived-sales-pressure-not-inventory
CDXL,931060403,2,2,10.24,2,1.0,640,核对在库、在途和货架容量后再创建补货单,derived-sales-pressure-not-inventory
CDXL,931060404,2,2,7.8,2,1.0,641,核对在库、在途和货架容量后再创建补货单,derived-sales-pressure-not-inventory
CDXL,931060505,2,2,53.84,2,1.0,642,核对在库、在途和货架容量后再创建补货单,derived-sales-pressure-not-inventory
CDXL,931070003,2,2,26.24,2,1.0,643,核对在库、在途和货架容量后再创建补货单,derived-sales-pressure-not-inventory
CDXL,931080104,2,2,19.04,2,1.0,644,核对在库、在途和货架容量后再创建补货单,derived-sales-pressure-not-inventory
CDXL,932010300,2,2,3.8,2,1.0,645,核对在库、在途和货架容量后再创建补货单,derived-sales-pressure-not-inventory
CDXL,933040501,2,2,4.0,2,1.0,646,核对在库、在途和货架容量后再创建补货单,derived-sales-pressure-not-inventory
CDXL,936010000,2,2,13.04,2,1.0,647,核对在库、在途和货架容量后再创建补货单,derived-sales-pressure-not-inventory
,,266,0,0.0,1,0.0,648,核对在库、在途和货架容量后再创建补货单,derived-sales-pressure-not-inventory
CDLG,912000103,2,0,0.0,2,0.0,649,核对在库、在途和货架容量后再创建补货单,derived-sales-pressure-not-inventory
CDLG,912060001,2,0,0.0,2,0.0,650,核对在库、在途和货架容量后再创建补货单,derived-sales-pressure-not-inventory
CDLG,912060003,2,0,0.0,2,0.0,651,核对在库、在途和货架容量后再创建补货单,derived-sales-pressure-not-inventory
CDLG,912060004,4,0,0.0,4,0.0,652,核对在库、在途和货架容量后再创建补货单,derived-sales-pressure-not-inventory
CDLG,912060008,2,0,0.0,2,0.0,653,核对在库、在途和货架容量后再创建补货单,derived-sales-pressure-not-inventory
CDLG,912060103,2,0,0.0,2,0.0,654,核对在库、在途和货架容量后再创建补货单,derived-sales-pressure-not-inventory
CDLG,912060200,2,0,0.0,2,0.0,655,核对在库、在途和货架容量后再创建补货单,derived-sales-pressure-not-inventory
CDLG,912060302,2,0,0.0,2,0.0,656,核对在库、在途和货架容量后再创建补货单,derived-sales-pressure-not-inventory
CDLG,912060304,4,0,0.0,3,0.0,657,核对在库、在途和货架容量后再创建补货单,derived-sales-pressure-not-inventory
CDLG,912060503,2,0,0.0,2,0.0,658,核对在库、在途和货架容量后再创建补货单,derived-sales-pressure-not-inventory
CDLG,915000003,6,0,0.0,5,0.0,659,核对在库、在途和货架容量后再创建补货单,derived-sales-pressure-not-inventory
CDLG,915000100,8,0,0.0,6,0.0,660,核对在库、在途和货架容量后再创建补货单,derived-sales-pressure-not-inventory
CDLG,915000101,6,0,0.0,5,0.0,661,核对在库、在途和货架容量后再创建补货单,derived-sales-pressure-not-inventory
CDLG,915000106,18,0,0.0,12,0.0,662,核对在库、在途和货架容量后再创建补货单,derived-sales-pressure-not-inventory
CDLG,915030202,2,0,0.0,2,0.0,663,核对在库、在途和货架容量后再创建补货单,derived-sales-pressure-not-inventory
CDLG,915030204,2,0,0.0,2,0.0,664,核对在库、在途和货架容量后再创建补货单,derived-sales-pressure-not-inventory
CDLG,915030301,2,0,0.0,2,0.0,665,核对在库、在途和货架容量后再创建补货单,derived-sales-pressure-not-inventory
CDLG,915030304,2,0,0.0,2,0.0,666,核对在库、在途和货架容量后再创建补货单,derived-sales-pressure-not-inventory
CDLG,915030305,2,0,0.0,2,0.0,667,核对在库、在途和货架容量后再创建补货单,derived-sales-pressure-not-inventory
CDLG,922000004,2,0,0.0,2,0.0,668,核对在库、在途和货架容量后再创建补货单,derived-sales-pressure-not-inventory
CDLG,922000200,2,0,0.0,2,0.0,669,核对在库、在途和货架容量后再创建补货单,derived-sales-pressure-not-inventory
CDLG,923000004,2,0,0.0,2,0.0,670,核对在库、在途和货架容量后再创建补货单,derived-sales-pressure-not-inventory
CDLG,924010200,4,0,0.0,4,0.0,671,核对在库、在途和货架容量后再创建补货单,derived-sales-pressure-not-inventory
CDNL,912000103,2,0,0.0,2,0.0,672,核对在库、在途和货架容量后再创建补货单,derived-sales-pressure-not-inventory
CDNL,912060005,2,0,0.0,2,0.0,673,核对在库、在途和货架容量后再创建补货单,derived-sales-pressure-not-inventory
CDNL,912060006,2,0,0.0,2,0.0,674,核对在库、在途和货架容量后再创建补货单,derived-sales-pressure-not-inventory
CDNL,912060008,6,0,0.0,4,0.0,675,核对在库、在途和货架容量后再创建补货单,derived-sales-pressure-not-inventory
CDNL,912060302,4,0,0.0,3,0.0,676,核对在库、在途和货架容量后再创建补货单,derived-sales-pressure-not-inventory
CDNL,912060304,2,0,0.0,2,0.0,677,核对在库、在途和货架容量后再创建补货单,derived-sales-pressure-not-inventory
CDNL,915000101,2,0,0.0,2,0.0,678,核对在库、在途和货架容量后再创建补货单,derived-sales-pressure-not-inventory
CDNL,915030304,4,0,0.0,3,0.0,679,核对在库、在途和货架容量后再创建补货单,derived-sales-pressure-not-inventory
CDNL,920000202,2,0,0.0,2,0.0,680,核对在库、在途和货架容量后再创建补货单,derived-sales-pressure-not-inventory
CDNL,922000004,2,0,0.0,2,0.0,681,核对在库、在途和货架容量后再创建补货单,derived-sales-pressure-not-inventory
CDNL,924000005,2,0,0.0,2,0.0,682,核对在库、在途和货架容量后再创建补货单,derived-sales-pressure-not-inventory
CDNL,924020000,12,0,0.0,8,0.0,683,核对在库、在途和货架容量后再创建补货单,derived-sales-pressure-not-inventory
CDXL,912060000,4,0,0.0,4,0.0,684,核对在库、在途和货架容量后再创建补货单,derived-sales-pressure-not-inventory
CDXL,912060001,4,0,0.0,3,0.0,685,核对在库、在途和货架容量后再创建补货单,derived-sales-pressure-not-inventory
CDXL,912060002,2,0,0.0,2,0.0,686,核对在库、在途和货架容量后再创建补货单,derived-sales-pressure-not-inventory
CDXL,912060004,2,0,0.0,2,0.0,687,核对在库、在途和货架容量后再创建补货单,derived-sales-pressure-not-inventory
CDXL,912060005,2,0,0.0,2,0.0,688,核对在库、在途和货架容量后再创建补货单,derived-sales-pressure-not-inventory
CDXL,912060007,4,0,0.0,3,0.0,689,核对在库、在途和货架容量后再创建补货单,derived-sales-pressure-not-inventory
CDXL,912060008,10,0,0.0,6,0.0,690,核对在库、在途和货架容量后再创建补货单,derived-sales-pressure-not-inventory
CDXL,912060200,2,0,0.0,2,0.0,691,核对在库、在途和货架容量后再创建补货单,derived-sales-pressure-not-inventory
CDXL,912060302,6,0,0.0,5,0.0,692,核对在库、在途和货架容量后再创建补货单,derived-sales-pressure-not-inventory
CDXL,912060304,2,0,0.0,2,0.0,693,核对在库、在途和货架容量后再创建补货单,derived-sales-pressure-not-inventory
CDXL,912060400,6,0,0.0,3,0.0,694,核对在库、在途和货架容量后再创建补货单,derived-sales-pressure-not-inventory
CDXL,912060605,2,0,0.0,2,0.0,695,核对在库、在途和货架容量后再创建补货单,derived-sales-pressure-not-inventory
CDXL,912500102,2,0,0.0,2,0.0,696,核对在库、在途和货架容量后再创建补货单,derived-sales-pressure-not-inventory
CDXL,915000100,6,0,0.0,5,0.0,697,核对在库、在途和货架容量后再创建补货单,derived-sales-pressure-not-inventory
CDXL,915000102,2,0,0.0,2,0.0,698,核对在库、在途和货架容量后再创建补货单,derived-sales-pressure-not-inventory
CDXL,915030301,2,0,0.0,2,0.0,699,核对在库、在途和货架容量后再创建补货单,derived-sales-pressure-not-inventory
CDXL,915030303,2,0,0.0,2,0.0,700,核对在库、在途和货架容量后再创建补货单,derived-sales-pressure-not-inventory
CDXL,922000200,4,0,0.0,3,0.0,701,核对在库、在途和货架容量后再创建补货单,derived-sales-pressure-not-inventory
CDXL,924030000,2,0,0.0,2,0.0,702,核对在库、在途和货架容量后再创建补货单,derived-sales-pressure-not-inventory
CDNL,914050100,2,-2,-2.4,2,-1.0,703,核对在库、在途和货架容量后再创建补货单,derived-sales-pressure-not-inventory
CDXL,931000200,4,-6,-33.32,3,-2.0,704,核对在库、在途和货架容量后再创建补货单,derived-sales-pressure-not-inventory
