交易号,账户,金额,渠道,时间,风险信号,风险等级,是否复核
TX4298877,ACC6097,900.47,代扣,2025-11-14,正常,低,免复核
TX3481956,ACC3477,74302.86,网银,2025-12-27,夜间,高,待复核
TX3300670,ACC9023,1922.63,网银,2025-12-17,正常,低,免复核
TX1347610,ACC5669,78151.39,代扣,2025-11-16,异地,中,待复核
TX2308952,ACC5704,11881.72,网银,2025-11-05,正常,低,免复核
TX2359247,ACC6437,6475.39,POS,2025-12-15,正常,低,免复核
TX4927757,ACC7559,66187.04,移动,2025-10-03,异地,中,待复核
TX6647085,ACC2571,69417.01,POS,2025-10-07,高频,高,待复核
TX5173264,ACC4878,11487.71,移动,2025-10-29,正常,低,免复核
TX3421772,ACC7837,34707.62,POS,2025-12-29,夜间,中,待复核
TX2045664,ACC3018,11550.94,网银,2025-10-09,正常,低,免复核
TX3959652,ACC6326,74634.21,网银,2025-10-15,高频,高,待复核
TX6815805,ACC9484,49631.8,移动,2025-12-12,异地,中,待复核
TX4966532,ACC1320,22780.83,代扣,2025-10-14,正常,低,免复核
TX3914309,ACC7792,6725.51,POS,2025-12-31,正常,低,免复核
TX7573546,ACC9598,75824.62,代扣,2025-10-27,异地,中,待复核
TX4661730,ACC3651,13446.88,网银,2025-11-10,正常,低,免复核
TX1138859,ACC5999,44136.05,移动,2025-11-22,异地,高,待复核
TX6582519,ACC1197,54260.66,网银,2025-12-28,高频,高,待复核
TX4164365,ACC4848,35705.49,POS,2025-11-15,夜间,中,待复核
TX2742737,ACC1309,48047.29,POS,2025-12-26,大额,中,待复核
TX3213108,ACC4623,79714.81,POS,2025-11-15,大额,中,待复核
TX4065234,ACC1576,51126.73,网银,2025-12-25,夜间,中,待复核
TX8351564,ACC8313,61860.45,代扣,2025-11-29,高频,中,待复核
TX7509594,ACC6078,15427.56,POS,2025-10-04,正常,低,免复核
TX7484565,ACC7079,53659.45,代扣,2025-12-03,异地,高,待复核
TX5300778,ACC7082,41867.22,移动,2025-10-23,高频,中,待复核
TX6245900,ACC3780,23147.57,POS,2025-11-22,正常,低,免复核
TX7661320,ACC5004,17040.77,移动,2025-11-08,正常,低,免复核
TX1283199,ACC7578,75073.31,POS,2025-10-18,高频,高,待复核
TX3027377,ACC4001,59516.84,移动,2025-11-07,夜间,中,待复核
TX8471873,ACC8802,37060.19,代扣,2025-11-01,大额,中,待复核
TX4655941,ACC8126,20823.87,POS,2025-12-30,正常,低,免复核
TX2084266,ACC1964,13508.11,代扣,2025-12-18,正常,低,免复核
TX7243421,ACC3264,10274.47,代扣,2025-11-12,正常,低,免复核
TX6725664,ACC2279,60237.43,代扣,2025-11-13,大额,高,待复核
TX7136546,ACC5742,67053.02,移动,2025-10-03,大额,高,待复核
TX1801595,ACC2597,47153.9,网银,2025-10-08,异地,中,待复核
TX1430563,ACC2153,73520.19,代扣,2025-12-01,高频,中,待复核
TX7712833,ACC6410,25349.45,移动,2025-10-13,正常,低,免复核
TX6836444,ACC9530,56610.71,代扣,2025-12-06,夜间,中,待复核
TX3569543,ACC1733,24976.24,POS,2025-12-12,正常,低,免复核
TX1502613,ACC1663,34875.19,POS,2025-12-07,异地,中,待复核
TX3951726,ACC7520,23107.46,POS,2025-11-06,正常,低,免复核
TX5006852,ACC4746,8833.99,移动,2025-12-26,正常,低,免复核
TX1450451,ACC1982,43366.05,POS,2025-10-05,异地,中,待复核
TX1400886,ACC4088,22604.19,POS,2025-11-12,正常,低,免复核
TX8626333,ACC1861,56604.1,POS,2025-12-08,夜间,高,待复核
TX8436230,ACC3264,30243.27,移动,2025-11-12,异地,中,待复核
TX7490857,ACC9171,50276.86,代扣,2025-10-21,异地,高,待复核
TX2693994,ACC7624,28370.27,代扣,2025-10-21,正常,低,免复核
TX8837181,ACC4292,18761.52,POS,2025-12-12,正常,低,免复核
TX3406458,ACC5644,32690.52,网银,2025-12-25,高频,高,待复核
TX7707961,ACC5530,64856.7,代扣,2025-11-13,异地,高,待复核
TX6821737,ACC1464,20399.62,移动,2025-12-13,正常,低,免复核
TX2072652,ACC2057,47712.54,代扣,2025-11-22,异地,高,待复核
TX6893488,ACC2284,28065.49,移动,2025-11-21,夜间,高,待复核
TX8667536,ACC7454,60599.95,网银,2025-10-05,异地,高,待复核
TX7481395,ACC3680,42384.75,代扣,2025-12-15,异地,高,待复核
TX4587479,ACC3619,60543.6,POS,2025-10-06,异地,中,待复核
TX3708561,ACC9359,17225.72,代扣,2025-11-22,正常,低,免复核
TX2576115,ACC8021,65444.37,网银,2025-11-06,夜间,高,待复核
TX5779061,ACC5763,20163.27,代扣,2025-10-30,正常,低,免复核
TX6699985,ACC8457,13612.08,移动,2025-11-26,正常,低,免复核
TX5063418,ACC5863,30444.86,POS,2025-12-22,异地,高,待复核
TX8158029,ACC5753,77418.5,POS,2025-11-16,高频,中,待复核
TX4765790,ACC6763,24786.56,网银,2025-12-20,正常,低,免复核
TX8240981,ACC3762,43836.56,POS,2025-12-23,高频,中,待复核
TX1904556,ACC6576,42633.66,代扣,2025-11-05,夜间,高,待复核
TX3766481,ACC3607,46295.75,网银,2025-12-21,大额,高,待复核
TX8901477,ACC8844,79236.9,代扣,2025-10-28,夜间,中,待复核
TX3082559,ACC7423,74033.35,POS,2025-10-26,夜间,高,待复核
TX8397896,ACC1412,11327.35,移动,2025-11-27,正常,低,免复核
TX7484871,ACC3102,56144.73,代扣,2025-10-23,高频,中,待复核
TX3204627,ACC4401,25590.58,POS,2025-11-30,正常,低,免复核
TX5029750,ACC6528,29863.32,网银,2025-11-11,异地,高,待复核
TX6452695,ACC3888,6947.94,代扣,2025-11-26,正常,低,免复核
TX5015210,ACC2325,64388.94,移动,2025-10-13,异地,高,待复核
TX7214134,ACC4103,49284.72,代扣,2025-12-31,大额,高,待复核
TX7315932,ACC8509,59124.13,移动,2025-11-15,异地,中,待复核
TX3445225,ACC2992,64824.5,代扣,2025-11-26,异地,高,待复核
TX4596399,ACC2152,47358.65,POS,2025-11-02,高频,中,待复核
TX4758052,ACC8680,66188.48,网银,2025-10-03,夜间,高,待复核
TX4779466,ACC8119,63143.21,网银,2025-11-11,大额,中,待复核
TX2528526,ACC8789,66724.76,网银,2025-10-14,异地,高,待复核
TX7877154,ACC2822,77872,网银,2025-11-09,高频,高,待复核
TX5257388,ACC5732,19250.65,代扣,2025-10-19,正常,低,免复核
TX2255920,ACC8781,78893.34,POS,2025-12-16,大额,中,待复核
TX1929438,ACC9282,43212.18,POS,2025-11-20,夜间,高,待复核
TX3976588,ACC5964,53859,网银,2025-11-07,大额,中,待复核
TX5632198,ACC3284,25846.83,网银,2025-10-31,正常,低,免复核
TX6315410,ACC7394,51904.56,代扣,2025-10-17,异地,中,待复核
TX6201651,ACC8912,51926.6,移动,2025-11-07,夜间,中,待复核
TX8763081,ACC5791,58040.61,移动,2025-11-01,大额,中,待复核
TX5944975,ACC7053,66066.14,网银,2025-10-28,大额,高,待复核
TX5423982,ACC7925,40257.15,网银,2025-11-19,夜间,中,待复核
TX8704655,ACC9080,56111.73,POS,2025-10-19,大额,高,待复核
TX5222537,ACC8796,27773.48,移动,2025-12-27,正常,低,免复核
TX8568223,ACC4871,53950.63,移动,2025-10-03,夜间,中,待复核
TX8396836,ACC4629,1662.3,网银,2025-10-29,正常,低,免复核
TX3762926,ACC1893,33543.61,POS,2025-11-03,异地,高,待复核
TX5859984,ACC5519,79945.1,POS,2025-10-30,异地,中,待复核
TX1356234,ACC9983,12221.44,移动,2025-12-08,正常,低,免复核
TX8953732,ACC4111,63505.95,POS,2025-11-26,异地,高,待复核
TX2593063,ACC2527,46272.83,网银,2025-10-09,大额,中,待复核
TX5412868,ACC4257,42937.1,POS,2025-10-15,大额,中,待复核
TX3530262,ACC5997,13147.76,网银,2025-12-25,正常,低,免复核
TX8629605,ACC2309,23258.84,移动,2025-12-17,正常,低,免复核
TX6326961,ACC1285,8313.12,网银,2025-12-25,正常,低,免复核
TX5619666,ACC7719,42310.98,POS,2025-12-18,夜间,高,待复核
TX4196693,ACC6153,13096.56,移动,2025-11-22,正常,低,免复核
TX7624691,ACC2596,79057.87,网银,2025-12-20,高频,高,待复核
TX3647983,ACC6847,39931.52,网银,2025-11-21,异地,高,待复核
TX4466469,ACC1259,67582.37,移动,2025-11-28,异地,中,待复核
TX3146398,ACC7853,67257.03,移动,2025-11-21,异地,高,待复核
TX8224650,ACC4368,47306.87,代扣,2025-10-23,异地,中,待复核
TX6722534,ACC5254,27321.7,网银,2025-12-31,正常,低,免复核
TX2148738,ACC1666,9394.22,网银,2025-10-20,正常,低,免复核
TX3012391,ACC9988,66774.59,移动,2025-11-30,大额,中,待复核
TX3339774,ACC9598,26247.63,网银,2026-01-01,正常,低,免复核
TX5332938,ACC9699,4769.49,网银,2025-12-26,正常,低,免复核
TX6738134,ACC2028,55492.1,代扣,2025-12-14,高频,中,待复核
TX3256094,ACC6291,42405.57,POS,2025-12-29,异地,中,待复核
TX5857954,ACC5160,46913.92,网银,2025-10-15,大额,高,待复核
TX3978080,ACC1308,36858.81,代扣,2025-10-10,夜间,中,待复核
TX1159111,ACC5871,10154.19,代扣,2025-10-27,正常,低,免复核
TX3755587,ACC9668,45752.15,网银,2025-12-28,高频,高,待复核
TX3601767,ACC5382,29748.78,网银,2025-10-27,正常,低,免复核
TX2132507,ACC4250,20774.93,代扣,2025-11-25,正常,低,免复核
TX4209831,ACC1212,73065.42,网银,2025-11-19,夜间,中,待复核
TX5226840,ACC3174,55228.06,网银,2025-10-19,夜间,高,待复核
TX3273149,ACC6821,34588.09,移动,2025-12-13,夜间,高,待复核
TX5089273,ACC1264,77005.07,网银,2025-12-03,夜间,高,待复核
TX7867543,ACC3258,38242.1,网银,2025-12-04,高频,高,待复核
TX8345069,ACC6787,12546.31,网银,2025-12-30,正常,低,免复核
TX1096603,ACC9424,56997.26,移动,2025-12-26,异地,高,待复核
TX1140747,ACC2615,55765.47,代扣,2025-11-27,夜间,中,待复核
TX7268069,ACC8102,16794.62,移动,2025-10-17,正常,低,免复核
TX2699797,ACC2683,484.85,移动,2025-10-03,正常,低,免复核
TX2430510,ACC5005,73002.03,网银,2025-11-26,异地,中,待复核
TX6289081,ACC5254,31133.56,网银,2026-01-01,大额,高,待复核
TX6858793,ACC8420,68495.5,POS,2025-11-23,大额,高,待复核
TX2218269,ACC8166,28171.34,POS,2025-12-11,正常,低,免复核
TX7704976,ACC1397,68584.84,网银,2025-10-21,高频,高,待复核
TX3527270,ACC9464,69048.19,移动,2025-12-16,大额,中,待复核
TX2981451,ACC6916,11491.55,网银,2025-10-10,正常,低,免复核
TX4794425,ACC8620,4294.31,网银,2025-12-22,正常,低,免复核
TX4845803,ACC4300,69075.15,代扣,2025-12-18,夜间,高,待复核
TX1940731,ACC1213,76030.9,网银,2025-12-29,高频,高,待复核
TX1542363,ACC8662,16528.41,网银,2025-12-14,正常,低,免复核
TX7727459,ACC4350,73801.28,代扣,2026-01-01,异地,高,待复核
TX7780559,ACC1217,18508.57,网银,2025-10-05,正常,低,免复核
TX3946472,ACC9955,57678.02,移动,2026-01-01,夜间,中,待复核
TX5277012,ACC6821,57435.41,代扣,2025-12-25,大额,高,待复核
TX3489963,ACC6726,25092.11,移动,2025-10-26,正常,低,免复核
TX4809992,ACC2469,42927.04,网银,2025-11-28,大额,中,待复核
TX4027672,ACC3221,56955.98,POS,2025-10-06,大额,中,待复核
TX5164987,ACC7507,72697.07,网银,2025-11-08,大额,高,待复核
TX8019648,ACC5890,10489.71,代扣,2025-12-05,正常,低,免复核
TX1765778,ACC7694,50150.51,移动,2025-11-25,高频,中,待复核
TX1003445,ACC4363,7728.77,代扣,2025-10-04,正常,低,免复核
TX6868722,ACC6499,54198.71,代扣,2025-12-06,异地,中,待复核
TX6031966,ACC9140,22644.53,POS,2025-10-10,正常,低,免复核
TX2801844,ACC9060,16904.92,代扣,2025-12-08,正常,低,免复核
TX3138468,ACC5040,72678.24,网银,2025-10-23,异地,高,待复核
TX4547865,ACC3332,69826.95,移动,2025-10-14,夜间,中,待复核
TX1127094,ACC9101,24365.63,代扣,2025-12-17,正常,低,免复核
TX6850751,ACC2377,52036.13,网银,2025-12-17,高频,高,待复核
TX2342653,ACC3058,75134.97,网银,2025-12-28,夜间,中,待复核
TX3579684,ACC6482,115.37,代扣,2025-11-07,夜间,中,待复核
TX6379100,ACC7235,556.77,移动,2025-12-25,正常,低,免复核
TX8437530,ACC3759,24505.84,POS,2025-10-22,正常,低,免复核
TX1595081,ACC7357,38292.94,移动,2025-12-23,大额,中,待复核
TX5489495,ACC7248,24377.67,网银,2025-10-05,正常,低,免复核
TX4608093,ACC4362,218.4,移动,2025-12-07,正常,低,免复核
TX7247009,ACC2176,7465.49,POS,2025-10-06,正常,低,免复核
TX8640170,ACC4020,15616.8,代扣,2025-11-09,正常,低,免复核
TX2285189,ACC3891,6625.86,POS,2025-10-03,正常,低,免复核
TX8129890,ACC5557,20613.12,网银,2025-10-24,正常,低,免复核
TX2880254,ACC1640,57522.78,网银,2025-11-08,异地,高,待复核
TX8330593,ACC5669,18509.45,网银,2025-10-13,正常,低,免复核
TX8970640,ACC7774,30169.58,移动,2025-12-09,高频,高,待复核
TX8450424,ACC1602,7827.86,POS,2025-11-29,正常,低,免复核
TX6069724,ACC1296,33471.26,POS,2025-11-07,异地,中,待复核
TX3300404,ACC7790,68315.03,代扣,2025-10-04,夜间,中,待复核
TX2766566,ACC2403,60054.31,网银,2025-12-13,异地,中,待复核
TX7971325,ACC9845,3104.76,代扣,2025-12-11,正常,低,免复核
TX5070000,ACC5365,12970.19,网银,2025-11-19,正常,低,免复核
TX2771994,ACC2430,27921.34,移动,2025-11-19,正常,低,免复核
TX3940868,ACC8198,46756.3,POS,2025-11-18,大额,高,待复核
TX4535589,ACC1978,9204.68,移动,2025-11-17,正常,低,免复核
TX1284131,ACC5373,66828.41,移动,2025-12-17,大额,中,待复核
TX2807837,ACC8182,37820.94,网银,2025-11-30,高频,中,待复核
TX3792528,ACC8683,63046.55,移动,2025-11-27,高频,中,待复核
TX7577634,ACC1316,34205.25,移动,2025-11-17,异地,中,待复核
TX7207124,ACC6866,29385.05,移动,2025-11-23,正常,低,免复核
TX6961940,ACC6187,16337.67,移动,2025-12-27,正常,低,免复核
TX8527433,ACC2969,9795.62,移动,2025-12-06,正常,低,免复核
TX3628587,ACC1645,9529.27,POS,2025-10-06,正常,低,免复核
TX4314516,ACC8570,44044.38,移动,2025-10-09,高频,中,待复核
TX3241813,ACC2352,47207.32,代扣,2025-10-29,夜间,高,待复核
TX5672760,ACC7374,12763.33,网银,2025-12-13,正常,低,免复核
TX8815393,ACC8148,16101.58,网银,2025-11-28,正常,低,免复核
TX1307340,ACC5451,74862.27,代扣,2025-11-13,高频,中,待复核
TX2986282,ACC9862,68028.46,代扣,2025-12-22,异地,中,待复核
TX1611757,ACC1679,1520.1,网银,2025-11-18,夜间,高,待复核
TX3945535,ACC8944,7781.55,代扣,2025-12-24,正常,低,免复核
TX5735559,ACC4479,62181.36,POS,2025-12-06,高频,高,待复核
TX1509090,ACC5319,34631.24,代扣,2025-10-07,异地,高,待复核
TX8768506,ACC8633,62788.61,POS,2025-12-24,高频,高,待复核
TX5257438,ACC3819,21958.74,POS,2025-10-29,正常,低,免复核
TX6537636,ACC5294,14180.95,移动,2025-12-01,正常,低,免复核
TX8467127,ACC8390,71310.52,网银,2025-11-06,异地,中,待复核
TX8267982,ACC7388,40277.72,移动,2025-10-04,夜间,中,待复核
TX5584351,ACC8776,63855.27,代扣,2025-12-29,异地,高,待复核
TX2716941,ACC3944,48093.72,移动,2025-11-27,夜间,中,待复核
TX8595928,ACC9028,68680.54,代扣,2025-12-03,异地,中,待复核
TX1509370,ACC3850,26025.07,网银,2025-12-26,正常,低,免复核
TX1249559,ACC5500,51902.44,代扣,2025-10-28,异地,中,待复核
TX7244020,ACC7132,78787.24,POS,2025-11-07,大额,高,待复核
TX6763368,ACC4832,40035.68,网银,2025-11-04,大额,中,待复核
TX2441334,ACC7418,60212.26,移动,2025-12-22,异地,中,待复核
TX8161183,ACC4254,64790.58,移动,2025-12-16,大额,中,待复核
TX4134981,ACC9638,15576.21,代扣,2025-12-30,夜间,高,待复核
TX4080968,ACC3765,14862.72,代扣,2025-12-01,正常,低,免复核
TX6206604,ACC7383,28244.66,移动,2025-10-12,正常,低,免复核
TX2995775,ACC4308,13589.64,代扣,2025-11-16,大额,中,待复核
TX8036802,ACC7518,61134.43,网银,2025-11-26,高频,中,待复核
TX4515899,ACC5491,36087.68,POS,2025-12-02,异地,高,待复核
TX3706300,ACC7062,58278.15,代扣,2025-12-15,高频,高,待复核
TX4485600,ACC8073,76442.58,POS,2025-10-14,夜间,中,待复核
TX7387209,ACC5655,60265.94,移动,2025-11-23,异地,中,待复核
TX6867241,ACC6878,31359.08,网银,2025-12-05,异地,高,待复核
TX3285673,ACC2072,5264.92,代扣,2025-11-10,正常,低,免复核
TX6531852,ACC4038,55866.44,代扣,2025-12-02,高频,高,待复核
TX8223573,ACC6946,4648.74,网银,2025-11-08,正常,低,免复核
TX1038511,ACC2337,43368.56,网银,2025-12-20,大额,高,待复核
TX6565298,ACC2359,606.63,代扣,2025-11-05,正常,低,免复核
TX2992681,ACC6304,49055.09,POS,2025-12-09,大额,高,待复核
TX7007903,ACC9114,16027.35,网银,2025-12-30,正常,低,免复核
TX8292108,ACC3965,70837.3,移动,2025-12-11,异地,中,待复核
TX2911525,ACC1788,48372.46,网银,2025-10-15,异地,高,待复核
TX8776071,ACC6265,25869.37,代扣,2025-12-16,正常,低,免复核
TX8018656,ACC5265,40256.25,代扣,2025-11-25,高频,中,待复核
TX8716400,ACC9821,8187.54,网银,2025-10-25,夜间,中,待复核
TX8532778,ACC8164,35752.35,移动,2025-12-14,高频,中,待复核
TX3315251,ACC9871,13233.03,代扣,2025-10-08,正常,低,免复核
TX8191140,ACC2880,71200.82,POS,2025-10-17,异地,中,待复核
TX5133316,ACC3817,45858.88,移动,2025-11-14,异地,高,待复核
TX7306919,ACC9467,34765.9,移动,2025-11-07,高频,中,待复核
TX8888648,ACC5353,30017.07,代扣,2026-01-01,异地,中,待复核
TX8677239,ACC4521,50320.24,网银,2025-10-31,异地,高,待复核
TX5377726,ACC4758,29333.01,网银,2025-11-04,正常,低,免复核
TX5686343,ACC4956,38822,POS,2025-12-12,大额,中,待复核
TX5359860,ACC3112,35738.7,POS,2025-12-10,大额,高,待复核
TX3697339,ACC4916,63568.38,移动,2025-10-15,异地,高,待复核
TX1629758,ACC9238,64732.63,网银,2025-12-13,大额,高,待复核
TX6503968,ACC1561,2238.5,POS,2025-11-22,正常,低,免复核
TX1977352,ACC7869,79471.8,网银,2025-12-04,高频,中,待复核
TX4799289,ACC7782,77200.7,POS,2025-11-07,异地,高,待复核
TX2142515,ACC8641,44312.67,网银,2025-10-12,大额,中,待复核
TX6426586,ACC2214,7165.44,移动,2025-10-03,正常,低,免复核
TX1939984,ACC1491,56558.76,代扣,2025-10-11,大额,中,待复核
TX1392618,ACC6378,53208.65,移动,2025-12-08,高频,中,待复核
TX8318628,ACC4330,30856.41,POS,2025-10-27,高频,高,待复核
TX1607564,ACC5629,65829.93,代扣,2025-10-11,异地,高,待复核
TX2066876,ACC5402,75137.61,网银,2025-12-07,夜间,高,待复核
TX7791076,ACC8795,30495.67,网银,2025-12-19,夜间,高,待复核
TX1089403,ACC9026,45856.1,移动,2025-11-19,大额,中,待复核
TX4872590,ACC4873,4664.91,POS,2025-12-30,正常,低,免复核
TX1141929,ACC4083,9022.79,移动,2025-11-10,正常,低,免复核
TX5667399,ACC9080,17332.97,POS,2025-12-20,正常,低,免复核
TX5974130,ACC1828,22708.8,网银,2025-11-08,正常,低,免复核
TX8617582,ACC3167,9796.96,POS,2025-11-13,正常,低,免复核
TX4505362,ACC8620,74514.09,网银,2025-11-23,异地,高,待复核
TX5516983,ACC5470,22366.06,移动,2025-10-11,正常,低,免复核
TX2895599,ACC3359,46879.45,网银,2025-12-21,大额,中,待复核
TX4464735,ACC1461,22331.64,代扣,2025-11-13,正常,低,免复核
TX5791491,ACC5226,3636.14,网银,2025-12-04,正常,低,免复核
TX8316183,ACC6679,57323.7,代扣,2025-12-09,夜间,高,待复核
TX6393457,ACC5107,44777.17,移动,2025-11-26,大额,高,待复核
TX1693610,ACC1060,32245.24,移动,2025-12-11,大额,高,待复核
TX3527919,ACC2750,62756.08,网银,2025-12-13,大额,中,待复核
TX4601694,ACC4494,30695.63,POS,2025-12-25,异地,中,待复核
TX6688048,ACC5421,35387.1,移动,2025-11-07,大额,高,待复核
TX8916735,ACC1967,28635.87,POS,2025-12-12,正常,低,免复核
TX8443111,ACC4688,71713.5,移动,2025-11-27,夜间,高,待复核
TX8479451,ACC7657,37094.26,网银,2025-10-25,高频,中,待复核
TX6794358,ACC9540,49276.96,代扣,2025-11-01,高频,中,待复核
TX8564827,ACC3560,58342.98,网银,2025-11-25,异地,高,待复核
TX2817461,ACC7398,18877.12,网银,2025-10-24,正常,低,免复核
TX6646857,ACC8360,49091.68,移动,2025-10-22,高频,高,待复核
TX1606805,ACC5384,71882.93,代扣,2025-10-23,异地,高,待复核
TX4867000,ACC6041,12090.88,代扣,2025-11-18,正常,低,免复核
TX6076349,ACC3570,25422.62,移动,2025-11-29,正常,低,免复核
TX5410516,ACC4432,32491.91,代扣,2025-10-19,夜间,中,待复核
TX5764764,ACC8808,4021.01,POS,2025-12-20,正常,低,免复核
TX6650885,ACC2292,73803.97,移动,2025-12-11,大额,高,待复核
TX6532932,ACC8430,63207.15,POS,2025-12-25,夜间,高,待复核
TX7424773,ACC5036,23143.01,移动,2025-12-06,正常,低,免复核
TX2724715,ACC1330,74647.46,移动,2025-10-04,高频,中,待复核
TX4912142,ACC4631,6284.05,POS,2025-11-14,正常,低,免复核
TX6139094,ACC8464,5434.97,POS,2025-10-12,正常,低,免复核
TX1483085,ACC6824,60347.44,移动,2025-10-09,异地,中,待复核
TX8827765,ACC3060,18075.19,代扣,2025-12-10,异地,高,待复核
TX2684335,ACC9408,15296.79,移动,2025-10-30,正常,低,免复核
TX8960382,ACC4464,70456.13,移动,2025-12-05,异地,中,待复核
TX2710902,ACC1279,57730.12,POS,2025-12-03,高频,高,待复核
TX4549187,ACC5300,23372.89,POS,2025-10-03,正常,低,免复核
TX7945851,ACC8825,23068.52,移动,2025-11-06,正常,低,免复核
TX6164651,ACC5849,56543.47,POS,2025-11-17,夜间,中,待复核
TX1491683,ACC3350,60243.84,网银,2025-12-08,夜间,中,待复核
TX2240126,ACC8069,15691.16,网银,2025-11-08,正常,低,免复核
TX1409181,ACC2813,10578.12,网银,2025-11-14,正常,低,免复核
TX3102724,ACC2047,50385.01,代扣,2025-12-19,异地,中,待复核
TX2250894,ACC8162,29549.15,代扣,2025-12-03,正常,低,免复核
TX6733833,ACC2782,14706.75,网银,2025-11-27,正常,低,免复核
TX4431220,ACC4341,81.95,POS,2025-12-18,正常,低,免复核
TX4438251,ACC8065,6177.14,代扣,2025-12-26,正常,低,免复核
TX6192093,ACC5677,31883.89,网银,2025-11-15,异地,中,待复核
TX4344303,ACC2561,3933.72,移动,2025-12-17,正常,低,免复核
TX7231257,ACC6982,79657.31,移动,2025-10-24,夜间,中,待复核
TX4438550,ACC6880,69972.59,POS,2025-12-03,异地,高,待复核
TX7110229,ACC6883,42352.61,POS,2025-10-09,大额,高,待复核
TX7017048,ACC2998,36086.43,代扣,2025-12-17,大额,中,待复核
TX5653481,ACC5219,55874.77,网银,2025-10-07,异地,中,待复核
TX3181727,ACC7359,36482.93,移动,2025-10-25,异地,高,待复核
TX6715342,ACC4504,67120.91,网银,2025-10-29,高频,高,待复核
TX8113865,ACC2130,74572.98,移动,2025-12-07,高频,高,待复核
TX7011532,ACC1723,8209.31,移动,2025-11-16,正常,低,免复核
TX5987908,ACC7908,30470.76,POS,2025-11-13,高频,中,待复核
TX7393780,ACC1140,8456.02,代扣,2025-12-08,正常,低,免复核
TX2038481,ACC5091,54285.8,网银,2025-10-16,异地,中,待复核
TX4822623,ACC8973,47328.55,代扣,2025-11-28,夜间,中,待复核
TX6195045,ACC4370,9341.02,POS,2025-12-30,正常,低,免复核
TX7991346,ACC5014,31846.68,网银,2025-12-13,夜间,高,待复核
TX5284008,ACC1886,79947.97,网银,2025-12-16,大额,高,待复核
TX7862297,ACC4881,6353.03,POS,2025-12-10,正常,低,免复核
TX2628471,ACC5119,4102.23,网银,2025-10-05,正常,低,免复核
TX3869404,ACC1430,3107.57,网银,2025-10-16,正常,低,免复核
TX1021012,ACC3186,59955.1,POS,2025-12-04,大额,高,待复核
TX5100050,ACC5701,53729.44,代扣,2025-11-06,异地,高,待复核
TX3281615,ACC8466,22928.85,移动,2025-11-11,正常,低,免复核
TX2394934,ACC4015,69649.62,网银,2025-11-25,大额,中,待复核
TX2819526,ACC1262,10583.23,POS,2025-11-05,正常,低,免复核
TX7541267,ACC2724,39746.11,移动,2025-11-27,高频,高,待复核
TX1236359,ACC9271,38309.75,代扣,2025-11-15,夜间,中,待复核
TX4272786,ACC3204,22330.33,移动,2025-11-28,正常,低,免复核
TX7562511,ACC8355,37064.76,网银,2026-01-01,大额,中,待复核
TX1686617,ACC3924,20309.14,POS,2025-12-27,正常,低,免复核
TX8840065,ACC2766,73332.66,代扣,2025-11-14,异地,中,待复核
TX2644130,ACC3140,55800.2,网银,2025-10-15,夜间,中,待复核
TX3474493,ACC3763,59804.92,代扣,2025-12-25,大额,中,待复核
TX5369188,ACC5081,65071.73,网银,2025-11-17,大额,高,待复核
TX2708855,ACC5415,76452.25,网银,2025-11-04,异地,中,待复核
TX2820314,ACC7251,79963.29,移动,2025-10-07,夜间,高,待复核
TX2882702,ACC4423,1750.2,代扣,2025-10-27,高频,中,待复核
TX8167419,ACC2785,51281.9,代扣,2025-11-27,异地,高,待复核
TX4546819,ACC9957,30309.73,网银,2025-10-08,高频,高,待复核
TX3715980,ACC8693,38948.67,代扣,2025-11-02,高频,高,待复核
TX8211121,ACC8706,51403.82,代扣,2025-12-30,夜间,中,待复核
TX2973281,ACC5222,64003.82,网银,2025-11-18,夜间,高,待复核
TX4095181,ACC3680,55216.86,移动,2025-12-08,高频,中,待复核
TX5554896,ACC8718,28080.89,代扣,2025-10-27,大额,中,待复核
TX3189134,ACC5771,72669.3,POS,2025-11-16,异地,高,待复核
TX1055180,ACC4766,35653.88,移动,2025-10-15,高频,中,待复核
TX4649447,ACC4687,35566.93,POS,2025-12-02,夜间,中,待复核
TX1169793,ACC9986,42433.91,POS,2025-11-03,异地,高,待复核
TX5857743,ACC4768,62866.44,网银,2025-11-28,异地,中,待复核
TX7783382,ACC2564,53171.9,POS,2025-10-30,异地,中,待复核
TX4063358,ACC9771,36880.94,网银,2025-12-31,大额,中,待复核
TX4873538,ACC9917,82.22,移动,2026-01-01,正常,低,免复核
TX2901075,ACC2214,68959.56,网银,2025-12-07,异地,中,待复核
TX1058034,ACC2229,70933.44,代扣,2025-10-03,大额,中,待复核
TX3438300,ACC2052,5930.9,POS,2025-10-19,正常,低,免复核
TX3582332,ACC5581,68742.41,POS,2025-12-03,大额,高,待复核
TX8638643,ACC3570,68524.13,POS,2025-12-25,夜间,高,待复核
TX4782610,ACC4640,58502.35,网银,2025-12-01,大额,中,待复核
TX7946808,ACC3114,39.06,代扣,2025-12-16,正常,低,免复核
TX7219215,ACC1468,42280.33,网银,2025-11-12,大额,高,待复核
TX3015219,ACC4490,55592.22,移动,2025-10-06,大额,高,待复核
TX1601255,ACC8422,7259.33,移动,2025-12-08,异地,中,待复核
TX6376915,ACC5672,58943.55,代扣,2026-01-01,异地,高,待复核
TX4501535,ACC7731,3544.41,代扣,2025-10-18,正常,低,免复核
TX5374822,ACC2824,32494.05,移动,2025-10-14,大额,高,待复核
TX6814374,ACC9132,37675.93,代扣,2025-11-02,大额,高,待复核
TX7492388,ACC3826,63139.74,网银,2025-10-19,高频,中,待复核
TX4871775,ACC7709,5662.96,网银,2025-12-11,正常,低,免复核
TX1833295,ACC3734,57961.53,移动,2025-12-15,大额,中,待复核
TX2157044,ACC6067,30209,移动,2025-12-28,大额,中,待复核
TX7265237,ACC4411,14182.42,POS,2025-12-12,正常,低,免复核
TX1410203,ACC4784,62257.64,代扣,2025-11-22,夜间,高,待复核
TX6674581,ACC7696,15150.24,网银,2025-10-31,正常,低,免复核
TX4279712,ACC1415,58735.86,POS,2025-10-16,大额,中,待复核
TX2395393,ACC7651,50094.28,POS,2025-11-07,异地,高,待复核
TX2641093,ACC8347,44137.13,代扣,2025-10-06,大额,中,待复核
TX2148679,ACC7321,15143.61,网银,2025-11-16,正常,低,免复核
TX5816456,ACC4263,52872.14,代扣,2025-12-07,异地,中,待复核
TX8140266,ACC3053,9523.08,移动,2025-12-07,正常,低,免复核
TX1513829,ACC7428,57153.05,移动,2025-12-27,大额,高,待复核
TX8247502,ACC5501,67242.64,移动,2025-11-17,夜间,中,待复核
TX2705103,ACC6281,77063.1,代扣,2025-12-05,夜间,中,待复核
TX8301898,ACC8917,64359.23,网银,2025-11-07,夜间,中,待复核
TX2076125,ACC7370,45380.83,移动,2025-12-03,夜间,高,待复核
TX1200910,ACC9756,56514.71,网银,2025-10-24,夜间,高,待复核
TX1325230,ACC5438,2246.92,网银,2025-10-17,正常,低,免复核
TX7329698,ACC6011,63360.82,代扣,2025-11-22,高频,高,待复核
TX6398268,ACC5632,7852.73,移动,2025-10-16,正常,低,免复核
TX3305858,ACC1567,67141.45,POS,2025-11-25,高频,中,待复核
TX2191646,ACC1250,12413.54,移动,2025-12-01,正常,低,免复核
TX4386012,ACC4425,18008.01,网银,2025-10-13,正常,低,免复核
TX2612988,ACC7142,8534.06,代扣,2025-12-12,正常,低,免复核
TX8553372,ACC8205,36175.12,代扣,2025-10-03,异地,中,待复核
TX3668876,ACC8733,45389.87,代扣,2025-11-09,异地,高,待复核
TX6697561,ACC9526,27689.01,移动,2025-11-03,正常,低,免复核
TX5006513,ACC1082,4671.7,POS,2025-12-16,正常,低,免复核
TX4642296,ACC6079,9990.69,代扣,2025-12-02,正常,低,免复核
TX2481129,ACC7096,48872.5,POS,2025-10-05,异地,中,待复核
TX8015595,ACC2347,24916.45,代扣,2025-11-10,正常,低,免复核
TX1624512,ACC9861,60453.76,移动,2025-12-16,大额,高,待复核
TX3917806,ACC1738,8392.08,移动,2025-11-01,正常,低,免复核
TX4269964,ACC2708,58810.2,代扣,2025-12-20,大额,中,待复核
TX5358307,ACC2316,34799.7,代扣,2025-11-10,夜间,中,待复核
TX8550726,ACC7843,29535.29,POS,2025-12-29,正常,低,免复核
TX4427201,ACC2262,62711.96,代扣,2025-11-21,大额,中,待复核
TX4283894,ACC2520,33002.37,网银,2025-10-25,高频,高,待复核
TX2207317,ACC8396,65331.75,代扣,2025-11-26,大额,中,待复核
TX1659465,ACC2257,13714.74,POS,2025-12-04,正常,低,免复核
TX3047041,ACC1175,427.45,POS,2025-12-21,正常,低,免复核
TX4657482,ACC9852,38471.71,POS,2025-11-23,夜间,中,待复核
TX3266025,ACC1891,46737.35,代扣,2025-12-16,夜间,中,待复核
TX5496807,ACC1780,39631.03,移动,2025-10-12,夜间,高,待复核
TX7161659,ACC2724,16386.88,网银,2025-10-29,正常,低,免复核
TX5321446,ACC1182,67057.9,移动,2025-10-07,夜间,中,待复核
TX8096109,ACC5480,78484.04,移动,2025-10-04,高频,中,待复核
TX1289329,ACC4457,51239.83,代扣,2025-11-05,高频,高,待复核
TX6711623,ACC2146,79452.32,移动,2025-12-14,大额,高,待复核
TX4275317,ACC2429,76009.11,网银,2025-10-14,异地,中,待复核
TX4158077,ACC5402,58097.21,代扣,2025-11-18,夜间,中,待复核
TX2443750,ACC4752,9640.24,网银,2026-01-01,正常,低,免复核
TX2966062,ACC5729,45964.09,移动,2026-01-01,高频,中,待复核
TX4063138,ACC4965,55829.9,网银,2025-12-18,大额,高,待复核
TX4274843,ACC7396,8894.05,网银,2025-11-08,正常,低,免复核
TX7924838,ACC9630,63317.87,移动,2025-12-26,高频,中,待复核
TX1480720,ACC2084,57543.83,移动,2026-01-01,夜间,中,待复核
TX5745359,ACC9877,16564.54,移动,2025-10-30,正常,低,免复核
TX1894799,ACC1987,69842.39,移动,2025-10-16,高频,中,待复核
TX5130546,ACC8380,46620.05,网银,2025-12-29,大额,中,待复核
TX1342216,ACC1105,26236.2,网银,2025-10-26,正常,低,免复核
TX1023556,ACC9340,70869.22,移动,2025-12-09,异地,高,待复核
TX2393124,ACC1824,77569.35,移动,2025-10-14,高频,中,待复核
TX3347528,ACC7939,43183.39,代扣,2025-10-16,异地,高,待复核
TX2717106,ACC1143,4838.34,POS,2025-12-01,正常,低,免复核
TX6430362,ACC6087,7232,POS,2025-10-09,正常,低,免复核
TX3547948,ACC9491,46043.84,网银,2025-12-28,大额,中,待复核
TX5161762,ACC4456,68332.95,POS,2025-10-03,大额,高,待复核
TX6496645,ACC3365,33622.86,网银,2025-10-07,高频,中,待复核
TX5159935,ACC4878,21924.61,代扣,2026-01-01,正常,低,免复核
TX4585497,ACC6199,27052.27,代扣,2025-12-29,正常,低,免复核
TX8315440,ACC6657,47576.56,网银,2025-10-21,大额,高,待复核
TX7592358,ACC6182,51129.79,移动,2025-10-18,异地,中,待复核
TX4350075,ACC3696,2363.23,移动,2025-11-24,正常,低,免复核
TX3773344,ACC7122,55597.5,代扣,2025-11-02,夜间,中,待复核
TX5263476,ACC6591,23034,移动,2025-11-14,正常,低,免复核
TX6948886,ACC8279,9537.12,POS,2025-11-29,正常,低,免复核
TX4347606,ACC2205,56283.31,代扣,2025-10-10,异地,中,待复核
TX3352051,ACC6718,49410.78,POS,2025-10-24,大额,高,待复核
TX1861492,ACC6154,22379.05,POS,2025-10-24,正常,低,免复核
TX4920078,ACC5874,44783.59,代扣,2025-11-14,异地,中,待复核
TX1486331,ACC3375,55274.57,移动,2025-11-19,大额,中,待复核
TX2823509,ACC4238,24897.84,代扣,2025-11-02,正常,低,免复核
TX5070177,ACC8840,49753.68,代扣,2025-11-02,异地,高,待复核
TX1861916,ACC7930,32065.06,网银,2025-11-10,异地,高,待复核
TX3843370,ACC2066,65153.46,移动,2025-10-14,大额,中,待复核
TX3406018,ACC7123,48789.61,网银,2025-11-03,高频,中,待复核
TX4827185,ACC8170,43562.11,移动,2025-10-24,异地,中,待复核
TX4529399,ACC7666,76050.15,代扣,2025-11-03,大额,中,待复核
TX8340352,ACC7268,39596.6,网银,2025-10-15,夜间,中,待复核
TX7826633,ACC4812,37735.69,POS,2025-12-12,高频,高,待复核
TX3964580,ACC1855,36134.23,移动,2025-12-04,夜间,中,待复核
TX6652603,ACC6387,33696.36,移动,2025-11-10,夜间,中,待复核
TX3177054,ACC7863,3076.68,网银,2025-10-26,异地,中,待复核
TX8702068,ACC9507,11618.74,代扣,2025-12-29,正常,低,免复核
TX2211277,ACC2014,24965.66,代扣,2025-10-25,正常,低,免复核
TX8012677,ACC1130,63544.12,网银,2025-12-09,夜间,高,待复核
TX5119787,ACC2464,36347.7,POS,2025-12-05,大额,中,待复核
TX1511575,ACC9254,70788.44,POS,2025-11-17,高频,中,待复核
TX6591672,ACC2529,16107.54,移动,2025-12-08,正常,低,免复核
TX8519119,ACC9055,60134,网银,2025-10-23,异地,高,待复核
TX8580107,ACC4561,19123.32,网银,2025-12-17,正常,低,免复核
TX8422317,ACC2569,22840.2,代扣,2025-11-05,正常,低,免复核
TX4240141,ACC2319,51160.8,POS,2025-12-27,大额,中,待复核
TX7084278,ACC1983,62677.43,网银,2025-11-22,异地,中,待复核
TX6560872,ACC9705,21112.85,网银,2025-12-25,正常,低,免复核
TX1027162,ACC4536,70913.38,网银,2025-10-15,异地,中,待复核
TX8190786,ACC2410,5352.19,网银,2025-10-10,正常,低,免复核
TX4389603,ACC6834,68656.4,移动,2025-10-15,异地,高,待复核
TX7530449,ACC8204,56667.93,代扣,2025-10-12,大额,中,待复核
TX5539693,ACC8093,60658.93,网银,2025-12-30,大额,中,待复核
TX2333620,ACC8629,14885.36,代扣,2025-12-24,异地,中,待复核
TX6523766,ACC3752,52572.16,代扣,2025-11-17,异地,中,待复核
TX8541972,ACC3360,13011.42,网银,2025-12-24,正常,低,免复核
TX4477727,ACC2372,71701.2,代扣,2025-11-05,异地,高,待复核
TX1887935,ACC2013,47740.17,移动,2025-10-11,夜间,高,待复核
TX3961474,ACC3559,21152.67,POS,2025-10-19,正常,低,免复核
TX5767135,ACC6139,41651.5,POS,2025-11-10,异地,高,待复核
TX7447221,ACC7003,43564.64,POS,2025-10-15,异地,高,待复核
TX8248935,ACC6110,28152.62,网银,2025-10-30,大额,中,待复核
TX8177097,ACC5727,15652.71,POS,2025-11-03,正常,低,免复核
TX6905921,ACC6200,55311.53,移动,2025-10-05,夜间,高,待复核
TX6258561,ACC6848,76777.91,POS,2025-10-23,高频,中,待复核
TX7171302,ACC5118,73929.53,POS,2025-10-30,大额,高,待复核
TX3603272,ACC7343,65219.75,POS,2025-10-18,大额,高,待复核
TX2172153,ACC7767,63730.48,移动,2025-10-13,异地,中,待复核
TX5028490,ACC4456,8516.91,网银,2025-12-11,正常,低,免复核
TX4184638,ACC7784,19561.91,POS,2025-10-23,正常,低,免复核
TX7450791,ACC2682,9863.4,网银,2025-10-06,正常,低,免复核
TX6809748,ACC2737,62659.9,代扣,2025-10-17,夜间,中,待复核
TX2291046,ACC1571,3867.2,移动,2025-11-28,正常,低,免复核
TX6400272,ACC6333,47041.79,移动,2025-12-24,大额,高,待复核
TX4102507,ACC2009,5893.08,代扣,2025-10-08,正常,低,免复核
TX4486273,ACC3309,58784.41,网银,2025-12-01,大额,中,待复核
TX1033432,ACC8494,49106.26,代扣,2025-11-08,大额,高,待复核
TX4885356,ACC9280,17648.45,移动,2025-10-16,正常,低,免复核
TX7910703,ACC4278,47513.13,POS,2025-10-19,异地,高,待复核
TX5028136,ACC4033,17763.19,网银,2025-10-31,正常,低,免复核
TX7873919,ACC7894,67981.82,POS,2025-12-17,夜间,高,待复核
TX3388260,ACC6811,799.33,POS,2026-01-01,正常,低,免复核
TX3716611,ACC9434,50861.35,移动,2025-12-20,大额,高,待复核
TX3873743,ACC9642,7186.68,代扣,2025-11-05,正常,低,免复核
TX2166740,ACC3793,15079.92,移动,2025-12-20,正常,低,免复核
TX4772030,ACC6343,66870.93,网银,2025-10-14,异地,中,待复核
TX4301009,ACC5934,36194.03,网银,2025-12-08,异地,高,待复核
TX7223482,ACC7342,65942.65,网银,2025-11-10,大额,中,待复核
TX3372304,ACC6628,68944.12,代扣,2025-10-11,夜间,中,待复核
TX2312200,ACC3165,7538,代扣,2025-11-15,正常,低,免复核
TX2312260,ACC7700,3776.98,代扣,2025-10-24,正常,低,免复核
TX4261697,ACC4393,33727.53,POS,2025-12-22,异地,高,待复核
TX6645345,ACC2981,36179.66,移动,2025-12-08,夜间,中,待复核
TX2326464,ACC1836,79837.13,网银,2025-11-01,大额,中,待复核
TX7995295,ACC4946,69458.93,代扣,2025-11-10,夜间,高,待复核
TX7618256,ACC7754,75956.07,移动,2025-11-30,夜间,高,待复核
TX3699785,ACC8990,23175.75,网银,2025-12-19,正常,低,免复核
TX2065514,ACC6365,41576.26,网银,2025-10-13,大额,中,待复核
TX6979931,ACC1050,48039.22,移动,2025-10-26,大额,高,待复核
TX2903883,ACC9385,76117.53,代扣,2025-12-15,大额,中,待复核
TX8885076,ACC5972,26658.25,网银,2025-11-20,正常,低,免复核
TX8187984,ACC3717,36762.28,POS,2025-11-02,高频,中,待复核
TX3426811,ACC1944,13768.65,移动,2025-11-26,正常,低,免复核
TX6464262,ACC2314,65008.47,网银,2025-11-28,异地,中,待复核
TX7404716,ACC7488,26626,POS,2025-11-29,正常,低,免复核
TX7100307,ACC7832,22090.79,网银,2025-12-26,正常,低,免复核
TX6964942,ACC9145,50324.12,代扣,2025-10-19,大额,高,待复核
TX3067029,ACC1648,42747.75,POS,2025-12-09,夜间,高,待复核
TX1021620,ACC1142,58805.19,移动,2025-11-28,异地,中,待复核
TX6694214,ACC6837,18921.97,网银,2025-11-25,正常,低,免复核
TX2155330,ACC9054,41453.63,移动,2025-10-07,夜间,中,待复核
TX2445602,ACC1846,47599.85,代扣,2025-11-22,大额,高,待复核
TX6937481,ACC4397,5047.44,代扣,2025-10-20,正常,低,免复核
TX3442797,ACC5733,72143.64,网银,2025-11-04,夜间,中,待复核
TX6226197,ACC7617,55564.92,代扣,2025-11-28,大额,高,待复核
TX1283498,ACC3512,23512.86,移动,2025-11-13,正常,低,免复核
TX1963471,ACC7939,49085.02,POS,2025-11-10,大额,高,待复核
TX8244322,ACC8278,1003.09,POS,2025-12-24,正常,低,免复核
TX8716864,ACC4347,69831.49,网银,2025-11-11,异地,中,待复核
TX4025415,ACC8264,15804.35,代扣,2025-11-06,正常,低,免复核
TX6006769,ACC1338,9823.73,移动,2025-12-25,正常,低,免复核
TX6763598,ACC6479,37512.06,POS,2025-12-06,夜间,中,待复核
TX6064439,ACC9181,53744.83,移动,2025-12-22,异地,中,待复核
TX4699540,ACC5120,53948.67,移动,2025-12-31,异地,中,待复核
TX2010422,ACC5377,3523.04,移动,2025-11-26,正常,低,免复核
TX4324626,ACC3555,30201.13,代扣,2025-11-22,高频,中,待复核
TX3846433,ACC9229,4519.14,移动,2025-11-15,正常,低,免复核
TX8725551,ACC2649,15734.97,POS,2025-12-05,高频,中,待复核
TX8556404,ACC6198,43354.06,移动,2025-11-06,夜间,中,待复核
TX7148828,ACC5841,58856.34,POS,2025-11-18,异地,高,待复核
TX8065954,ACC5625,65655.06,网银,2025-12-05,夜间,中,待复核
TX2511586,ACC7384,50663.98,POS,2025-11-03,异地,高,待复核
TX8226559,ACC7908,56680.1,网银,2025-11-26,异地,中,待复核
TX8842745,ACC2777,13774.83,网银,2025-11-28,正常,低,免复核
TX5804044,ACC4666,6097.06,网银,2026-01-01,异地,高,待复核
TX1175909,ACC9804,56012.15,网银,2025-12-17,异地,中,待复核
TX4478047,ACC1613,30657.89,移动,2025-11-14,异地,中,待复核
TX3512730,ACC2041,33449.84,网银,2025-12-20,异地,中,待复核
TX8639660,ACC6222,34521.48,代扣,2025-12-22,夜间,中,待复核
TX3991514,ACC2372,28086.15,POS,2025-12-25,正常,低,免复核
TX1036345,ACC5773,53799.36,网银,2025-11-26,高频,中,待复核
TX8397609,ACC4825,68777.12,移动,2025-10-23,夜间,高,待复核
TX5608893,ACC1390,27124.3,移动,2025-11-16,正常,低,免复核
TX6144987,ACC3907,21795.27,网银,2025-11-18,正常,低,免复核
TX7881389,ACC4996,9216.58,代扣,2025-10-04,正常,低,免复核
TX8097275,ACC5586,65435.26,移动,2025-10-07,夜间,中,待复核
TX4661123,ACC9382,26398.37,网银,2025-10-10,正常,低,免复核
TX6533634,ACC5186,61728.73,代扣,2025-10-30,大额,中,待复核
TX6514779,ACC1008,26584.49,移动,2025-10-19,异地,高,待复核
TX2007687,ACC8985,74867.94,网银,2025-11-12,异地,高,待复核
TX4231263,ACC3517,48079.38,代扣,2025-11-12,大额,高,待复核
TX5749592,ACC7811,72080.61,代扣,2025-10-17,夜间,高,待复核
TX6976242,ACC7398,6217.46,网银,2025-11-26,正常,低,免复核
TX3464230,ACC5960,20811.83,网银,2025-11-20,异地,高,待复核
TX8966336,ACC9472,19567.61,移动,2025-12-28,正常,低,免复核
TX2452252,ACC5456,15130.87,网银,2025-11-01,正常,低,免复核
TX1193478,ACC9239,19783.7,代扣,2025-12-17,正常,低,免复核
TX4107597,ACC7459,15502.49,移动,2026-01-01,正常,低,免复核
TX5941993,ACC5457,42554.05,POS,2025-11-16,大额,中,待复核
TX1523828,ACC7326,15976.16,代扣,2025-10-29,正常,低,免复核
TX4318997,ACC4329,60884.73,网银,2025-11-18,高频,高,待复核
TX4132378,ACC6488,28914.74,代扣,2025-10-06,正常,低,免复核
TX6995922,ACC6930,2884.68,移动,2025-12-20,正常,低,免复核
TX7651348,ACC8567,22382.05,代扣,2025-10-25,正常,低,免复核
TX5524511,ACC3653,59196.26,POS,2025-12-04,大额,高,待复核
TX4948823,ACC6701,21888.04,移动,2025-11-17,正常,低,免复核
TX3536437,ACC6703,66495.83,网银,2025-12-27,高频,中,待复核
TX2233101,ACC3176,67699.33,代扣,2025-11-21,大额,高,待复核
TX4282483,ACC6103,79070.32,网银,2025-12-19,夜间,中,待复核
TX2382406,ACC4700,33995.46,网银,2025-10-30,异地,中,待复核
TX3120688,ACC9663,52274.13,网银,2025-12-08,夜间,中,待复核
TX8680231,ACC3731,14604.55,POS,2025-11-29,高频,中,待复核
TX5783875,ACC8994,55429.35,网银,2025-11-02,异地,高,待复核
TX6819653,ACC7128,23469.3,网银,2025-11-12,正常,低,免复核
TX1801405,ACC7569,68735.2,移动,2025-10-27,异地,中,待复核
TX8862071,ACC3022,51768.76,网银,2025-12-15,夜间,中,待复核
TX6770843,ACC7045,19817.44,代扣,2025-11-02,正常,低,免复核
TX6715280,ACC6760,23637.87,POS,2025-12-16,正常,低,免复核
TX7860841,ACC3678,49079.06,POS,2025-10-30,大额,高,待复核
TX5598703,ACC7643,60758,移动,2025-11-12,高频,高,待复核
TX7092777,ACC2177,27076.48,网银,2025-12-07,正常,低,免复核
TX3744588,ACC2688,43924.98,代扣,2025-10-13,大额,高,待复核
TX4737398,ACC5074,14080.34,移动,2025-10-25,正常,低,免复核
TX6179231,ACC8598,20659.88,网银,2025-10-11,正常,低,免复核
TX1867582,ACC1070,40546.62,代扣,2025-10-27,异地,中,待复核
TX7836997,ACC1142,44494.5,移动,2025-11-03,夜间,中,待复核
TX1062774,ACC8680,30128.57,移动,2025-10-15,大额,高,待复核
TX5723985,ACC4679,14530.72,网银,2025-10-04,正常,低,免复核
TX6426133,ACC4681,9548.14,POS,2025-12-09,正常,低,免复核
TX6215459,ACC4733,19174.28,移动,2025-11-03,正常,低,免复核
TX8739193,ACC1491,3682.56,网银,2025-12-17,正常,低,免复核
TX5760634,ACC4687,68446.93,POS,2025-11-16,大额,高,待复核
TX1342761,ACC2114,62309.08,POS,2025-12-06,大额,高,待复核
TX2226997,ACC8683,17043.35,网银,2025-10-03,正常,低,免复核
TX5658829,ACC2662,65534.88,移动,2025-10-17,夜间,高,待复核
TX5408742,ACC9608,22740.93,POS,2025-12-12,正常,低,免复核
TX1045758,ACC4848,5075.51,代扣,2025-11-23,正常,低,免复核
TX6545666,ACC4381,29550.15,网银,2025-12-03,正常,低,免复核
TX5591229,ACC4746,68264.47,POS,2025-11-24,大额,中,待复核
TX3448338,ACC8954,3509.21,代扣,2025-12-10,正常,低,免复核
TX8707277,ACC5282,43218.2,代扣,2025-11-11,异地,中,待复核
TX3446150,ACC7319,33696.73,代扣,2025-10-30,高频,高,待复核
TX8010464,ACC9215,51078.67,移动,2025-12-17,大额,中,待复核
TX8209213,ACC3235,58204.61,代扣,2025-11-16,大额,中,待复核
TX4477886,ACC6405,864.79,移动,2025-11-10,正常,低,免复核
TX5897788,ACC1777,6040.35,代扣,2025-10-04,正常,低,免复核
TX6203381,ACC9114,69166.09,POS,2025-11-02,大额,高,待复核
TX1174534,ACC7840,68872.61,代扣,2025-10-29,高频,中,待复核
TX5339321,ACC6904,67946.7,代扣,2025-11-17,异地,中,待复核
TX3159675,ACC9992,35608.15,网银,2025-11-26,异地,中,待复核
TX1421212,ACC1301,68092.91,POS,2025-10-17,异地,中,待复核
TX2838912,ACC7136,34372.31,网银,2025-10-03,夜间,中,待复核
TX3188811,ACC5086,49692.23,POS,2025-10-07,大额,高,待复核
TX6561060,ACC6996,31459.65,网银,2025-12-11,夜间,中,待复核
TX3270313,ACC4371,34350.51,移动,2025-12-31,异地,高,待复核
TX8234814,ACC3193,35734.4,网银,2025-10-05,大额,高,待复核
TX6764870,ACC4933,7175.34,代扣,2025-12-30,正常,低,免复核
TX2699015,ACC1792,22784.99,网银,2025-10-17,正常,低,免复核
TX7326411,ACC4887,29055.8,代扣,2025-11-16,正常,低,免复核
TX3163417,ACC9764,42527.78,POS,2025-11-14,高频,高,待复核
TX8548460,ACC8093,5487.5,网银,2025-10-05,正常,低,免复核
TX6684157,ACC4342,75046.27,代扣,2025-11-26,高频,高,待复核
TX7589771,ACC7537,70659.85,POS,2025-12-01,大额,高,待复核
TX2280492,ACC2404,44991.63,POS,2025-10-05,高频,高,待复核
TX3535213,ACC9165,58017.36,代扣,2025-11-07,夜间,中,待复核
TX3756356,ACC6280,54423.32,移动,2025-12-18,高频,高,待复核
TX5281386,ACC6726,16565.37,移动,2025-12-08,夜间,中,待复核
TX2393746,ACC2516,16036.51,移动,2025-12-25,正常,低,免复核
TX1472646,ACC3989,27250.29,代扣,2025-12-15,正常,低,免复核
TX6654068,ACC9158,10502.7,网银,2025-12-10,正常,低,免复核
TX6444563,ACC5508,12456.69,代扣,2025-12-18,正常,低,免复核
TX5134240,ACC4141,74432.85,POS,2025-10-25,异地,高,待复核
TX5324789,ACC8114,66519.57,移动,2025-12-11,夜间,中,待复核
TX4314255,ACC8551,65114.53,代扣,2025-10-24,高频,中,待复核
TX5529213,ACC8042,6315.9,代扣,2025-12-27,正常,低,免复核
TX5994753,ACC3612,53897.3,POS,2025-10-09,夜间,中,待复核
TX6556220,ACC3614,79337.83,网银,2025-11-12,异地,中,待复核
TX5857121,ACC5932,71925.08,POS,2025-10-06,高频,中,待复核
TX4654786,ACC1563,11892.77,网银,2025-12-05,正常,低,免复核
TX1718292,ACC8090,59037.58,网银,2025-10-06,夜间,中,待复核
TX3228252,ACC6614,47048.6,代扣,2025-11-01,高频,中,待复核
TX4092104,ACC1150,45718.44,移动,2025-12-17,大额,中,待复核
TX3760146,ACC1176,16656.36,POS,2025-12-16,正常,低,免复核
TX6747644,ACC5902,54742.22,代扣,2025-11-08,夜间,中,待复核
TX4745690,ACC5104,48711.94,POS,2025-10-13,高频,高,待复核
TX3644632,ACC8508,2717.31,移动,2025-12-13,正常,低,免复核
TX6385277,ACC4721,54834.77,移动,2025-12-06,大额,高,待复核
TX5069267,ACC7353,58989.66,POS,2025-10-12,大额,高,待复核
TX4893086,ACC3554,44859.12,POS,2025-12-15,大额,高,待复核
TX7339700,ACC3021,79652.28,POS,2025-12-07,夜间,高,待复核
TX3852601,ACC2409,10521.02,代扣,2025-12-29,正常,低,免复核
TX1696678,ACC9919,10743.58,移动,2025-10-25,正常,低,免复核
TX3596370,ACC4511,14411.54,代扣,2025-10-09,正常,低,免复核
TX1541004,ACC3948,36381.32,网银,2025-12-30,大额,高,待复核
TX4352629,ACC8122,41983.32,代扣,2025-10-08,高频,高,待复核
TX3565042,ACC5083,61782.38,网银,2025-11-12,异地,中,待复核
TX5256505,ACC1122,57548.98,移动,2025-12-18,夜间,高,待复核
TX6748380,ACC4452,70757.94,网银,2025-10-04,异地,中,待复核
TX3327957,ACC8032,20862.21,网银,2025-10-30,异地,高,待复核
TX5962384,ACC1036,56274.34,POS,2025-11-07,异地,中,待复核
TX7209773,ACC4398,29074.22,POS,2025-10-10,正常,低,免复核
TX1093876,ACC4198,51198.7,网银,2025-10-21,异地,高,待复核
TX1204851,ACC3907,24043.96,POS,2025-11-25,正常,低,免复核
TX4115218,ACC9100,19251.67,移动,2025-12-04,正常,低,免复核
TX8753437,ACC3443,24738.64,POS,2025-12-18,正常,低,免复核
TX3421508,ACC9496,72692.13,代扣,2025-10-22,大额,中,待复核
TX3079871,ACC7629,19553.97,代扣,2025-10-27,正常,低,免复核
TX7932010,ACC3094,31842.33,移动,2025-10-15,夜间,高,待复核
TX2113344,ACC8328,48151.59,网银,2025-12-09,夜间,中,待复核
TX6073446,ACC2490,28557.7,移动,2025-10-13,正常,低,免复核
TX5392980,ACC2584,38139.8,代扣,2025-10-15,夜间,高,待复核
TX8131373,ACC6576,71137.6,POS,2025-12-05,大额,中,待复核
TX2470738,ACC7485,33903.8,网银,2025-11-03,夜间,高,待复核
TX7567058,ACC8552,55373.32,移动,2025-10-15,夜间,中,待复核
TX1412045,ACC7290,4968.39,代扣,2025-11-22,正常,低,免复核
TX6114947,ACC8737,11236,移动,2025-11-04,正常,低,免复核
TX3647743,ACC9961,54554.27,POS,2025-11-23,夜间,中,待复核
TX7131794,ACC9132,76982.07,POS,2025-10-09,高频,高,待复核
TX7654630,ACC3488,72043.68,POS,2025-10-31,异地,中,待复核
TX1481421,ACC5335,74126.93,POS,2025-11-14,异地,中,待复核
TX2665285,ACC6274,57144.39,网银,2025-12-06,异地,中,待复核
TX8656558,ACC4386,1459.83,网银,2025-10-10,正常,低,免复核
TX4795588,ACC7884,54824.12,移动,2025-11-28,高频,中,待复核
TX1684561,ACC9842,68421.77,代扣,2025-12-13,夜间,中,待复核
TX1598946,ACC9960,21441.86,代扣,2025-12-21,高频,高,待复核
TX7246821,ACC4849,26431.78,POS,2025-10-17,夜间,中,待复核
TX6800680,ACC2764,40022.39,网银,2025-12-07,夜间,中,待复核
TX2030803,ACC6836,43692.47,POS,2025-11-24,夜间,高,待复核
TX4322832,ACC7187,16952.39,POS,2025-12-19,正常,低,免复核
TX6599799,ACC4586,27412.48,代扣,2025-12-15,正常,低,免复核
TX3321057,ACC9432,35142.46,代扣,2025-12-20,夜间,中,待复核
TX5135971,ACC3975,65899.52,POS,2025-11-15,异地,中,待复核
TX8200146,ACC6381,42550.47,POS,2025-11-16,夜间,中,待复核
TX1129439,ACC2137,67787.2,POS,2025-10-07,异地,中,待复核
TX8186885,ACC1150,19770.19,POS,2025-11-14,正常,低,免复核
TX1835876,ACC7041,31348.04,网银,2025-11-04,高频,高,待复核
TX7207818,ACC5112,1566,代扣,2025-10-21,高频,中,待复核
TX3337988,ACC7973,58763.51,POS,2025-10-06,大额,中,待复核
TX6095976,ACC7375,39219.91,网银,2025-10-29,夜间,中,待复核
TX3654784,ACC5295,64974.72,移动,2025-11-11,异地,高,待复核
TX7276982,ACC6026,58221.67,POS,2025-10-27,大额,高,待复核
TX7757565,ACC6698,12785.13,代扣,2025-12-27,正常,低,免复核
TX7374083,ACC5817,22186.23,POS,2025-11-05,夜间,中,待复核
TX3734094,ACC4633,24390.95,代扣,2025-10-12,高频,高,待复核
TX4624499,ACC3325,38521.54,移动,2025-10-12,大额,高,待复核
TX2679712,ACC4573,76720.03,移动,2025-11-14,大额,高,待复核
TX2204348,ACC6354,62355.2,代扣,2025-12-26,夜间,高,待复核
TX1702693,ACC4817,60902.55,移动,2025-11-23,异地,高,待复核
TX8773648,ACC3227,76703.07,移动,2025-11-14,大额,高,待复核
TX7541330,ACC5604,43688.69,网银,2025-12-06,大额,中,待复核
TX8881867,ACC4406,75163.53,网银,2025-10-29,高频,高,待复核
TX4294400,ACC9882,55218.79,代扣,2025-12-31,大额,高,待复核
TX4656513,ACC8288,3783.6,网银,2025-11-09,正常,低,免复核
TX7172294,ACC8557,26135.92,移动,2025-12-29,正常,低,免复核
TX8224480,ACC9427,57872.17,移动,2025-11-06,异地,中,待复核
TX6290126,ACC9125,10676.67,网银,2025-10-14,正常,低,免复核
TX7915873,ACC4479,3406.73,网银,2025-10-28,正常,低,免复核
TX4262485,ACC5601,40085.98,网银,2025-10-30,异地,中,待复核
TX5757712,ACC7150,7626.33,移动,2025-11-13,正常,低,免复核
TX7265004,ACC1323,76184.19,POS,2025-10-23,高频,中,待复核
TX1826389,ACC9557,48775.07,网银,2025-11-03,大额,中,待复核
TX7056859,ACC8333,44691.87,POS,2025-11-22,夜间,高,待复核
TX6275602,ACC3980,23433.23,网银,2025-11-27,正常,低,免复核
TX8391137,ACC3943,18616.66,网银,2025-11-01,正常,低,免复核
TX5542654,ACC5713,52320.14,移动,2025-10-22,夜间,高,待复核
TX1706003,ACC1185,33165.07,POS,2025-11-30,夜间,高,待复核
TX7499462,ACC5986,18619.41,代扣,2025-11-19,正常,低,免复核
TX6037568,ACC3321,38784.11,移动,2025-12-20,异地,高,待复核
TX3657738,ACC4878,45209.08,移动,2025-12-01,夜间,中,待复核
TX2158572,ACC4485,52656.73,代扣,2025-12-31,大额,中,待复核
TX5567619,ACC2913,8538.51,POS,2025-12-07,正常,低,免复核
TX1509843,ACC7766,58863.96,移动,2025-10-31,大额,高,待复核
TX1464350,ACC8034,62209.98,代扣,2025-10-18,高频,高,待复核
TX3404242,ACC4159,38494.04,移动,2025-11-17,夜间,中,待复核
TX2241406,ACC9632,56749.31,网银,2025-12-31,大额,高,待复核
TX8732258,ACC8478,2135.51,POS,2025-12-17,正常,低,免复核
TX7811692,ACC3267,52275.14,POS,2025-10-13,异地,高,待复核
TX4314477,ACC6008,49840.03,移动,2025-11-25,大额,中,待复核
TX7581198,ACC5634,79974.52,代扣,2025-12-12,高频,中,待复核
TX2853648,ACC1871,20646.65,代扣,2025-12-20,夜间,高,待复核
TX7657264,ACC2607,35170.37,网银,2025-12-07,夜间,中,待复核
TX7046125,ACC1242,55019.1,POS,2025-10-17,大额,高,待复核
TX3316377,ACC5780,31851.31,网银,2025-10-22,异地,高,待复核
TX7049200,ACC3643,71542.53,代扣,2025-11-13,异地,高,待复核
TX2768258,ACC8933,10416.06,代扣,2025-12-19,正常,低,免复核
TX5126960,ACC6100,47399.6,代扣,2025-12-03,夜间,高,待复核
TX6972490,ACC3930,44810.24,移动,2025-10-11,异地,中,待复核
TX7534637,ACC4786,72770.53,移动,2025-11-06,大额,高,待复核
TX4406783,ACC8296,79295.66,POS,2025-12-15,大额,中,待复核
TX7789776,ACC5474,25895.63,移动,2025-12-25,正常,低,免复核
TX3044508,ACC6798,37677.07,POS,2025-10-23,异地,中,待复核
TX1823687,ACC1731,63935.6,代扣,2025-10-31,高频,高,待复核
TX6985309,ACC6252,66922.82,网银,2025-12-10,夜间,高,待复核
TX7370983,ACC9360,57806.14,移动,2025-12-26,高频,中,待复核
TX4835038,ACC6810,1755.86,移动,2025-12-21,正常,低,免复核
TX3575890,ACC1492,41594.73,移动,2025-12-03,大额,中,待复核
TX8645651,ACC2078,43867.8,POS,2025-10-14,异地,中,待复核
TX3467250,ACC8308,18778.32,代扣,2025-10-09,正常,低,免复核
TX7476771,ACC2854,33991.51,代扣,2025-10-28,异地,中,待复核
TX5249576,ACC6615,57310.28,POS,2025-11-25,大额,中,待复核
TX2416425,ACC5499,41804.45,网银,2025-12-12,大额,中,待复核
TX2681126,ACC5189,18359.9,代扣,2025-11-04,正常,低,免复核
TX7138809,ACC2677,59395.63,网银,2025-11-28,高频,高,待复核
TX7240402,ACC5167,15910.49,代扣,2025-10-08,异地,中,待复核
TX7339090,ACC8586,11241.56,POS,2026-01-01,正常,低,免复核
TX4012190,ACC7809,44648.54,网银,2025-11-14,异地,高,待复核
TX3557400,ACC7583,53319.42,代扣,2025-10-28,异地,高,待复核
TX5549060,ACC4753,26890.55,移动,2025-12-08,正常,低,免复核
TX8278339,ACC6949,73463.86,POS,2025-10-31,异地,高,待复核
TX5695273,ACC6473,67317.34,POS,2025-12-03,夜间,高,待复核
TX5564396,ACC8286,34816.33,网银,2025-12-11,大额,中,待复核
TX7208641,ACC7981,68523.12,网银,2025-11-23,高频,中,待复核
TX3130924,ACC9659,62182.26,网银,2025-10-03,夜间,中,待复核
TX4298342,ACC3928,42875.55,POS,2025-12-07,大额,中,待复核
TX8350212,ACC7974,50247.97,移动,2025-11-11,高频,高,待复核
TX2713419,ACC3512,58679.04,移动,2025-10-26,大额,高,待复核
TX5358218,ACC2508,13438.11,代扣,2025-11-07,正常,低,免复核
TX3457381,ACC7463,18378.91,代扣,2025-10-26,正常,低,免复核
TX4194909,ACC8395,13819.66,代扣,2025-10-30,正常,低,免复核
TX7020217,ACC9683,58996.64,代扣,2025-11-07,大额,中,待复核
TX2114314,ACC3377,24822.12,网银,2025-10-23,正常,低,免复核
TX2119233,ACC9574,60314.76,移动,2025-11-03,异地,高,待复核
TX1114873,ACC8268,66525.56,POS,2025-10-03,异地,中,待复核
TX3557563,ACC9620,24329.57,POS,2025-10-27,正常,低,免复核
TX2873086,ACC4688,78220.03,网银,2025-10-22,大额,高,待复核
TX1461218,ACC9540,75729.4,POS,2025-11-22,大额,高,待复核
TX2926880,ACC5587,26822.94,代扣,2025-12-31,正常,低,免复核
TX3968755,ACC2704,60305.34,网银,2025-11-07,大额,高,待复核
TX8881352,ACC1189,56291.36,代扣,2025-12-20,异地,高,待复核
TX2404072,ACC2985,34340.67,代扣,2025-10-08,异地,中,待复核
TX2129327,ACC6505,53924.56,代扣,2025-10-10,高频,高,待复核
TX1653305,ACC6855,32106.15,代扣,2025-12-11,异地,高,待复核
TX4145965,ACC7607,16987.42,代扣,2025-10-11,正常,低,免复核
TX8600483,ACC9287,22254.13,POS,2025-11-25,夜间,高,待复核
TX8569328,ACC4033,20877.36,代扣,2025-10-31,正常,低,免复核
TX4893881,ACC2139,43312.34,网银,2025-12-02,异地,中,待复核
TX7604909,ACC1000,51136.07,移动,2025-12-22,夜间,高,待复核
TX4678065,ACC2446,63961.21,移动,2025-11-29,夜间,高,待复核
TX5972252,ACC8898,15284.05,移动,2025-12-27,正常,低,免复核
TX4822880,ACC5090,64959.71,移动,2025-11-17,异地,高,待复核
TX1093203,ACC7128,73071.53,POS,2025-12-14,夜间,高,待复核
TX4836999,ACC5068,10136.49,代扣,2025-12-11,正常,低,免复核
TX4851922,ACC5914,64685.32,POS,2025-11-09,大额,中,待复核
TX6947953,ACC6356,65692.27,POS,2025-11-09,高频,高,待复核
TX4586597,ACC5357,37486.07,POS,2025-11-19,高频,高,待复核
TX2860337,ACC1252,24569.73,代扣,2025-12-02,正常,低,免复核
TX2539176,ACC6539,61075.67,移动,2025-10-23,高频,中,待复核
TX3035940,ACC4934,16367.67,代扣,2025-12-14,正常,低,免复核
TX5882274,ACC4512,74203.3,移动,2025-10-11,异地,高,待复核
TX4474418,ACC2321,76002.83,POS,2025-12-02,夜间,高,待复核
TX1558669,ACC9596,79129.65,代扣,2025-11-22,高频,高,待复核
TX5672371,ACC5654,3764.76,移动,2025-10-19,正常,低,免复核
TX8753735,ACC2225,54049.79,网银,2025-12-13,夜间,高,待复核
TX1275978,ACC7630,53183.2,网银,2025-12-01,异地,高,待复核
TX5384925,ACC6433,16776.3,POS,2025-10-06,正常,低,免复核
TX6337238,ACC6546,15232.03,移动,2025-10-17,正常,低,免复核
TX7127156,ACC8836,68465.56,网银,2025-10-13,夜间,高,待复核
TX3460786,ACC1095,3809.83,代扣,2025-12-31,正常,低,免复核
TX5426377,ACC9985,76098.74,移动,2025-10-17,大额,高,待复核
TX4285277,ACC4777,18451.54,代扣,2025-12-04,正常,低,免复核
TX4219910,ACC4278,32799.1,POS,2025-12-27,夜间,高,待复核
TX4977749,ACC8400,55216.48,POS,2025-11-03,夜间,高,待复核
TX1530258,ACC4474,6009.19,网银,2025-11-21,高频,中,待复核
TX4684840,ACC8488,55126.25,代扣,2025-12-31,大额,中,待复核
TX1494228,ACC3869,18926.83,POS,2025-11-18,正常,低,免复核
TX3376532,ACC1434,19122.46,网银,2025-10-24,正常,低,免复核
TX2046292,ACC8115,38797.39,代扣,2025-10-11,异地,高,待复核
TX8931653,ACC5061,2681.04,POS,2025-12-08,正常,低,免复核
TX5358230,ACC3269,52740.7,移动,2025-10-09,大额,中,待复核
TX2344257,ACC9491,10478.68,移动,2025-10-30,正常,低,免复核
TX7609512,ACC4626,8861.79,POS,2025-10-11,正常,低,免复核
TX7117589,ACC7700,57050.18,POS,2025-11-12,高频,中,待复核
TX6879256,ACC4091,72548.59,POS,2026-01-01,异地,高,待复核
TX4345782,ACC2300,67179.38,网银,2025-10-09,异地,中,待复核
TX4370650,ACC3450,40794.27,POS,2025-12-09,异地,中,待复核
TX4287295,ACC8058,3875.95,移动,2025-11-07,夜间,中,待复核
TX1574074,ACC9971,41710.91,网银,2025-12-17,异地,中,待复核
TX7991360,ACC4598,52338.64,代扣,2025-12-09,大额,高,待复核
TX7412361,ACC9290,8839,网银,2025-10-22,正常,低,免复核
TX6298127,ACC3406,60475.16,代扣,2025-11-12,异地,高,待复核
TX8004626,ACC2736,54232.04,网银,2025-11-04,高频,高,待复核
TX8864050,ACC7321,50354.25,代扣,2025-12-23,高频,中,待复核
TX8712472,ACC3220,10769.76,移动,2025-10-20,正常,低,免复核
TX4658983,ACC6405,14283.17,移动,2025-12-02,正常,低,免复核
TX4771370,ACC8429,280.93,POS,2025-11-29,正常,低,免复核
TX4633281,ACC3112,61753.81,代扣,2025-10-05,夜间,中,待复核
TX5093977,ACC1037,19925.11,POS,2025-10-10,夜间,中,待复核
TX6624809,ACC4668,27917.43,代扣,2025-10-09,正常,低,免复核
TX5199538,ACC1948,78362.12,POS,2025-12-26,高频,高,待复核
TX8076899,ACC1367,65985.1,代扣,2025-12-11,大额,高,待复核
TX7523197,ACC4810,47626.22,网银,2025-11-01,高频,中,待复核
TX2717553,ACC6888,73056.36,POS,2025-12-04,高频,高,待复核
TX7412892,ACC9825,34976.42,移动,2025-11-16,异地,高,待复核
TX6888762,ACC9482,6599.63,代扣,2025-12-01,正常,低,免复核
